id,year,overall_pick,team,player,college,years_active,games,points,total_rebounds,assists,field_goal_percentage,3_point_percentage,free_throw_percentage,points_per_game,average_total_rebounds,average_assists,win_shares,win_shares_per_48_minutes,box_plus_minus,value_over_replacement
1,1989,1,SAC,Pervis Ellison,Louisville,11.0,474.0,4494.0,3170.0,691.0,0.51,0.05,0.689,9.5,6.7,1.5,21.8,0.09,-0.5,4.4
2,1989,2,LAC,Danny Ferry,Duke,13.0,917.0,6439.0,2550.0,1185.0,0.446,0.393,0.84,7.0,2.8,1.3,34.8,0.092,-0.9,4.9
3,1989,3,SAS,Sean Elliott,Arizona,12.0,742.0,10544.0,3204.0,1897.0,0.465,0.375,0.799,14.2,4.3,2.6,55.7,0.109,0.2,13.5
4,1989,4,MIA,Glen Rice,Michigan,15.0,1000.0,18336.0,4387.0,2097.0,0.456,0.4,0.846,18.3,4.4,2.1,88.7,0.122,0.8,24.9
5,1989,5,CHH,J.R. Reid,UNC,11.0,672.0,5680.0,3381.0,639.0,0.472,0.135,0.716,8.5,5.0,1.0,22.5,0.07,-2.9,-3.7
6,1989,6,CHI,Stacey King,Oklahoma,8.0,438.0,2819.0,1460.0,387.0,0.478,0.235,0.707,6.4,3.3,0.9,10.9,0.071,-3.4,-2.7
7,1989,7,IND,George McCloud,Florida State,12.0,766.0,6925.0,2342.0,1769.0,0.402,0.358,0.81,9.0,3.1,2.3,24.6,0.068,-0.8,5.3
8,1989,8,DAL,Randy White,Louisiana Tech,5.0,281.0,2083.0,1366.0,175.0,0.401,0.193,0.707,7.4,4.9,0.6,1.9,0.017,-5.0,-4.0
9,1989,9,WSB,Tom Hammonds,Georgia Tech,12.0,687.0,3617.0,2243.0,378.0,0.48,0.0,0.691,5.3,3.3,0.6,14.7,0.068,-3.8,-4.7
10,1989,10,MIN,Pooh Richardson,UCLA,10.0,639.0,7083.0,1807.0,4180.0,0.444,0.329,0.652,11.1,2.8,6.5,26.7,0.066,0.2,10.5
11,1989,11,ORL,Nick Anderson,Illinois,13.0,800.0,11529.0,4064.0,2087.0,0.446,0.356,0.667,14.4,5.1,2.6,55.3,0.106,1.9,24.7
12,1989,12,NJN,Mookie Blaylock,Oklahoma,13.0,889.0,11962.0,3659.0,5972.0,0.409,0.336,0.736,13.5,4.1,6.7,71.8,0.111,3.0,39.2
13,1989,13,BOS,Michael Smith,BYU,3.0,141.0,698.0,212.0,142.0,0.474,0.15,0.835,5.0,1.5,1.0,1.4,0.049,-3.6,-0.5
14,1989,14,GSW,Tim Hardaway,Texas-El Paso,13.0,867.0,15373.0,2855.0,7095.0,0.431,0.355,0.782,17.7,3.3,8.2,85.0,0.133,3.1,39.6
15,1989,15,DEN,Todd Lichti,Stanford,5.0,237.0,1870.0,505.0,325.0,0.46,0.244,0.789,7.9,2.1,1.4,5.6,0.063,-2.5,-0.5
55,1990,1,NJN,Derrick Coleman,Syracuse,15.0,781.0,12884.0,7232.0,1985.0,0.447,0.295,0.769,16.5,9.3,2.5,64.3,0.119,1.4,22.3
56,1990,2,SEA,Gary Payton,Oregon State,17.0,1335.0,21813.0,5269.0,8966.0,0.466,0.317,0.729,16.3,3.9,6.7,145.5,0.148,3.3,62.5
57,1990,3,DEN,Mahmoud Abdul-Rauf,LSU,9.0,586.0,8553.0,1087.0,2079.0,0.442,0.354,0.905,14.6,1.9,3.5,25.2,0.077,-0.8,4.5
58,1990,4,ORL,Dennis Scott,Georgia Tech,10.0,629.0,8094.0,1774.0,1296.0,0.417,0.397,0.793,12.9,2.8,2.1,33.4,0.089,0.2,9.9
59,1990,5,CHH,Kendall Gill,Illinois,15.0,966.0,12914.0,4002.0,2945.0,0.434,0.3,0.754,13.4,4.1,3.0,47.8,0.078,0.1,15.8
60,1990,6,MIN,Felton Spencer,Louisville,12.0,640.0,3354.0,3436.0,213.0,0.484,0.0,0.658,5.2,5.4,0.3,20.9,0.081,-4.3,-7.0
61,1990,7,SAC,Lionel Simmons,La Salle,7.0,454.0,5833.0,2833.0,1498.0,0.433,0.305,0.771,12.8,6.2,3.3,16.9,0.06,0.0,6.7
62,1990,8,LAC,Bo Kimble,Loyola Marymount,3.0,105.0,574.0,162.0,98.0,0.386,0.291,0.728,5.5,1.5,0.9,0.1,0.004,-5.7,-1.2
63,1990,9,MIA,Willie Burton,Minnesota,8.0,316.0,3243.0,932.0,393.0,0.424,0.345,0.786,10.3,2.9,1.2,9.1,0.065,-2.5,-0.9
64,1990,10,ATL,Rumeal Robinson,Michigan,6.0,336.0,2546.0,606.0,1179.0,0.432,0.344,0.611,7.6,1.8,3.5,5.2,0.041,-1.5,0.8
65,1990,11,GSW,Tyrone Hill,Xavier,14.0,801.0,7532.0,6854.0,647.0,0.502,0.0,0.643,9.4,8.6,0.8,56.2,0.12,-1.9,0.8
66,1990,12,HOU,Alec Kessler,Georgia,4.0,210.0,1084.0,751.0,81.0,0.426,0.417,0.744,5.2,3.6,0.4,2.0,0.033,-5.9,-2.8
67,1990,13,LAC,Loy Vaught,Michigan,11.0,689.0,6984.0,4881.0,652.0,0.504,0.244,0.718,10.1,7.1,0.9,35.8,0.101,-1.5,2.2
68,1990,14,SAC,Travis Mays,Texas,3.0,115.0,1273.0,233.0,326.0,0.41,0.362,0.749,11.1,2.0,2.8,2.4,0.039,-2.6,-0.5
69,1990,15,MIA,Dave Jamerson,Ohio University,3.0,90.0,306.0,77.0,61.0,0.392,0.277,0.86,3.4,0.9,0.7,0.2,0.018,-3.9,-0.3
109,1991,1,CHH,Larry Johnson,UNLV,10.0,707.0,11450.0,5300.0,2298.0,0.484,0.332,0.766,16.2,7.5,3.3,69.7,0.13,1.4,22.0
110,1991,2,NJN,Kenny Anderson,Georgia Tech,14.0,858.0,10789.0,2641.0,5196.0,0.421,0.346,0.79,12.6,3.1,6.1,62.5,0.116,1.4,21.9
111,1991,3,SAC,Billy Owens,Syracuse,10.0,600.0,7026.0,4016.0,1704.0,0.481,0.291,0.629,11.7,6.7,2.8,28.6,0.078,-0.2,7.8
112,1991,4,DEN,Dikembe Mutombo,Georgetown,18.0,1196.0,11729.0,12359.0,1240.0,0.518,0.0,0.684,9.8,10.3,1.0,117.0,0.153,1.7,33.9
113,1991,5,MIA,Steve Smith,Michigan State,14.0,942.0,13430.0,3060.0,2922.0,0.44,0.358,0.845,14.3,3.2,3.1,83.7,0.139,1.4,24.6
114,1991,6,DAL,Doug Smith,Missouri,5.0,296.0,2356.0,1234.0,400.0,0.425,0.083,0.773,8.0,4.2,1.4,3.0,0.024,-3.6,-2.4
115,1991,7,MIN,Luc Longley,New Mexico,10.0,567.0,4090.0,2794.0,836.0,0.462,0.0,0.76,7.2,4.9,1.5,17.5,0.07,-2.6,-1.9
116,1991,8,DEN,Mark Macon,Temple,6.0,251.0,1685.0,467.0,428.0,0.384,0.27,0.735,6.7,1.9,1.7,0.1,0.001,-3.7,-2.2
117,1991,9,ATL,Stacey Augmon,UNLV,15.0,1001.0,7990.0,3216.0,1561.0,0.469,0.152,0.728,8.0,3.2,1.6,43.8,0.097,-0.2,9.8
118,1991,10,ORL,Bison Dele,Arizona,8.0,413.0,4536.0,2564.0,440.0,0.528,0.143,0.691,11.0,6.2,1.1,22.8,0.109,-0.6,3.4
119,1991,11,CLE,Terrell Brandon,Oregon,11.0,724.0,9994.0,2174.0,4407.0,0.448,0.355,0.873,13.8,3.0,6.1,65.9,0.147,3.6,30.3
120,1991,12,NYK,Greg Anthony,UNLV,11.0,757.0,5497.0,1417.0,2997.0,0.403,0.349,0.733,7.3,1.9,4.0,35.9,0.109,1.3,13.3
121,1991,13,IND,Dale Davis,Clemson,16.0,1094.0,8706.0,8605.0,978.0,0.53,0.0,0.562,8.0,7.9,0.9,86.9,0.141,0.5,18.4
122,1991,14,SEA,Rich King,Nebraska,4.0,72.0,135.0,74.0,21.0,0.393,0.0,0.662,1.9,1.0,0.3,0.2,0.036,-6.9,-0.4
123,1991,15,ATL,Anthony Avent,Seton Hall,6.0,352.0,1958.0,1584.0,278.0,0.403,0.0,0.686,5.6,4.5,0.8,0.3,0.002,-5.7,-6.4
163,1992,1,ORL,Shaquille O'Neal,LSU,19.0,1207.0,28596.0,13099.0,3026.0,0.582,0.045,0.527,23.7,10.9,2.5,181.7,0.208,5.1,75.5
164,1992,2,CHH,Alonzo Mourning,Georgetown,15.0,838.0,14311.0,7137.0,946.0,0.527,0.247,0.692,17.1,8.5,1.1,89.7,0.166,2.2,27.4
165,1992,3,MIN,Christian Laettner,Duke,13.0,868.0,11121.0,5806.0,2224.0,0.48,0.261,0.82,12.8,6.7,2.6,64.9,0.121,1.0,19.5
166,1992,4,DAL,Jim Jackson,Ohio State,14.0,885.0,12690.0,4152.0,2851.0,0.428,0.365,0.825,14.3,4.7,3.2,35.8,0.059,-0.9,8.2
167,1992,5,DEN,LaPhonso Ellis,Notre Dame,11.0,624.0,7410.0,4032.0,981.0,0.452,0.302,0.73,11.9,6.5,1.6,32.8,0.089,-1.0,4.6
168,1992,6,WSB,Tom Gugliotta,NC State,13.0,763.0,9895.0,5589.0,2140.0,0.451,0.284,0.757,13.0,7.3,2.8,40.2,0.082,0.6,15.3
169,1992,7,SAC,Walt Williams,Maryland,11.0,708.0,8385.0,2794.0,1637.0,0.425,0.379,0.743,11.8,3.9,2.3,33.9,0.087,0.5,11.8
170,1992,8,MIL,Todd Day,Arkansas,8.0,483.0,5917.0,1649.0,713.0,0.406,0.345,0.739,12.3,3.4,1.5,17.5,0.069,-0.9,3.4
171,1992,9,PHI,Clarence Weatherspoon,Southern Miss,13.0,915.0,10483.0,6846.0,1346.0,0.471,0.196,0.743,11.5,7.5,1.5,58.4,0.101,-0.3,11.8
172,1992,10,ATL,Adam Keefe,Stanford,9.0,617.0,3107.0,2556.0,427.0,0.502,0.071,0.714,5.0,4.1,0.7,24.9,0.116,-1.3,1.7
173,1992,11,HOU,Robert Horry,Alabama,16.0,1107.0,7715.0,5269.0,2343.0,0.425,0.341,0.726,7.0,4.8,2.1,66.3,0.118,1.9,26.4
174,1992,12,MIA,Harold Miner,USC,4.0,200.0,1801.0,432.0,245.0,0.46,0.311,0.785,9.0,2.2,1.2,4.2,0.053,-3.0,-0.9
175,1992,13,DEN,Bryant Stith,Virginia,10.0,586.0,5946.0,1983.0,1178.0,0.424,0.329,0.841,10.1,3.4,2.0,29.5,0.086,-0.8,4.9
176,1992,14,IND,Malik Sealy,St. John's,8.0,493.0,4955.0,1585.0,816.0,0.426,0.292,0.809,10.1,3.2,1.7,17.1,0.07,-1.2,2.2
177,1992,15,LAL,Anthony Peeler,Missouri,13.0,827.0,8017.0,2136.0,1956.0,0.427,0.384,0.799,9.7,2.6,2.4,30.7,0.072,-0.7,6.6
217,1993,1,ORL,Chris Webber,Michigan,15.0,831.0,17182.0,8124.0,3526.0,0.479,0.299,0.649,20.7,9.8,4.2,84.7,0.132,3.4,42.1
218,1993,2,PHI,Shawn Bradley,BYU,12.0,832.0,6752.0,5268.0,573.0,0.457,0.103,0.716,8.1,6.3,0.7,40.7,0.1,-0.2,8.9
219,1993,3,GSW,Anfernee Hardaway,Memphis,14.0,704.0,10684.0,3146.0,3525.0,0.458,0.316,0.774,15.2,4.5,5.0,61.9,0.125,2.5,26.9
220,1993,4,DAL,Jamal Mashburn,Kentucky,11.0,611.0,11644.0,3271.0,2414.0,0.418,0.345,0.766,19.1,5.4,4.0,43.7,0.092,0.3,13.4
221,1993,5,MIN,Isaiah Rider,UNLV,9.0,563.0,9405.0,2166.0,1535.0,0.443,0.352,0.812,16.7,3.8,2.7,22.8,0.061,-1.0,4.5
222,1993,6,WSB,Calbert Cheaney,Indiana,13.0,825.0,7826.0,2610.0,1398.0,0.466,0.298,0.691,9.5,3.2,1.7,23.1,0.05,-2.5,-2.9
223,1993,7,SAC,Bobby Hurley,Duke,5.0,269.0,1032.0,283.0,880.0,0.353,0.272,0.769,3.8,1.1,3.3,-1.2,-0.014,-5.4,-3.5
224,1993,8,MIL,Vin Baker,University of Hartford,13.0,791.0,11839.0,5867.0,1509.0,0.485,0.215,0.638,15.0,7.4,1.9,47.0,0.088,-1.2,5.3
225,1993,9,DEN,Rodney Rogers,Wake Forest,12.0,866.0,9468.0,3881.0,1722.0,0.451,0.347,0.69,10.9,4.5,2.0,38.8,0.085,-0.3,9.7
226,1993,10,DET,Lindsey Hunter,Jackson State University,17.0,937.0,7956.0,2021.0,2506.0,0.388,0.36,0.746,8.5,2.2,2.7,32.9,0.068,-0.4,9.4
227,1993,11,DET,Allan Houston,Tennessee,12.0,839.0,14551.0,2434.0,1990.0,0.444,0.402,0.863,17.3,2.9,2.4,55.3,0.094,0.1,15.0
228,1993,12,LAL,George Lynch,UNC,12.0,774.0,5109.0,3902.0,1121.0,0.446,0.306,0.652,6.6,5.0,1.4,32.3,0.088,-0.4,7.3
229,1993,13,LAC,Terry Dehere,Seton Hall,6.0,402.0,3235.0,588.0,1034.0,0.411,0.378,0.779,8.0,1.5,2.6,7.3,0.048,-2.6,-1.1
230,1993,14,IND,Scott Haskin,Oregon State,1.0,27.0,55.0,55.0,6.0,0.467,,0.684,2.0,2.0,0.2,0.3,0.087,-2.8,0.0
231,1993,15,ATL,Doug Edwards,Florida State,3.0,85.0,203.0,153.0,60.0,0.378,0.0,0.709,2.4,1.8,0.7,0.2,0.013,-4.8,-0.6
271,1994,1,MIL,Glenn Robinson,Purdue,11.0,688.0,14234.0,4189.0,1879.0,0.459,0.34,0.82,20.7,6.1,2.7,39.8,0.075,0.1,13.5
272,1994,2,DAL,Jason Kidd,California,19.0,1391.0,17529.0,8725.0,12091.0,0.4,0.349,0.785,12.6,6.3,8.7,138.6,0.133,3.8,73.5
273,1994,3,DET,Grant Hill,Duke,18.0,1026.0,17137.0,6169.0,4252.0,0.483,0.314,0.769,16.7,6.0,4.1,99.9,0.138,3.0,43.6
274,1994,4,MIN,Donyell Marshall,UConn,15.0,957.0,10716.0,6376.0,1305.0,0.435,0.35,0.731,11.2,6.7,1.4,59.0,0.113,1.1,19.9
275,1994,5,WSB,Juwan Howard,Michigan,19.0,1208.0,16159.0,7428.0,2663.0,0.469,0.12,0.764,13.4,6.1,2.2,59.4,0.078,-1.6,3.8
276,1994,6,PHI,Sharone Wright,Clemson,4.0,203.0,1974.0,1023.0,118.0,0.456,0.083,0.618,9.7,5.0,0.6,1.4,0.015,-4.8,-3.2
277,1994,7,LAC,Lamond Murray,California,11.0,736.0,8286.0,3033.0,978.0,0.43,0.36,0.759,11.3,4.1,1.3,19.8,0.052,-1.2,4.0
278,1994,8,SAC,Brian Grant,Xavier,12.0,756.0,7933.0,5622.0,923.0,0.49,0.214,0.746,10.5,7.4,1.2,54.5,0.122,-0.8,6.2
279,1994,9,BOS,Eric Montross,UNC,8.0,465.0,2071.0,2159.0,207.0,0.49,0.0,0.478,4.5,4.6,0.4,8.5,0.048,-4.4,-5.2
280,1994,10,LAL,Eddie Jones,Temple,14.0,954.0,14155.0,3857.0,2812.0,0.437,0.373,0.809,14.8,4.0,2.9,100.6,0.147,3.1,42.3
281,1994,11,SEA,Carlos Rogers,Tennessee State,8.0,298.0,2196.0,1272.0,182.0,0.536,0.258,0.562,7.4,4.3,0.6,11.1,0.095,-1.0,1.5
282,1994,12,MIA,Khalid Reeves,Arizona,6.0,277.0,2167.0,580.0,886.0,0.416,0.363,0.744,7.8,2.1,3.2,8.4,0.069,-1.3,1.0
283,1994,13,DEN,Jalen Rose,Michigan,13.0,923.0,13220.0,3193.0,3527.0,0.443,0.355,0.801,14.3,3.5,3.8,47.2,0.081,-0.2,12.3
284,1994,14,NJN,Yinka Dare,George Washington,4.0,110.0,233.0,281.0,4.0,0.396,,0.57,2.1,2.6,0.0,-0.7,-0.033,-8.4,-1.6
285,1994,15,IND,Eric Piatkowski,Nebraska,14.0,789.0,5919.0,1716.0,778.0,0.434,0.399,0.839,7.5,2.2,1.0,31.0,0.102,0.2,7.9
325,1995,1,GSW,Joe Smith,Maryland,16.0,1030.0,11208.0,6575.0,1010.0,0.455,0.238,0.79,10.9,6.4,1.0,60.3,0.107,-1.5,3.0
326,1995,2,LAC,Antonio McDyess,Alabama,15.0,1015.0,12227.0,7638.0,1300.0,0.497,0.117,0.67,12.0,7.5,1.3,69.8,0.119,-0.1,13.2
327,1995,3,PHI,Jerry Stackhouse,UNC,18.0,970.0,16409.0,3067.0,3240.0,0.409,0.309,0.822,16.9,3.2,3.3,52.4,0.083,0.3,17.4
328,1995,4,WSB,Rasheed Wallace,UNC,16.0,1109.0,16006.0,7404.0,1994.0,0.467,0.336,0.721,14.4,6.7,1.8,105.1,0.139,2.2,38.3
329,1995,5,MIN,Kevin Garnett,,21.0,1462.0,26071.0,14662.0,5445.0,0.497,0.275,0.789,17.8,10.0,3.7,191.4,0.182,5.6,96.9
330,1995,6,VAN,Bryant Reeves,Oklahoma State,6.0,395.0,4945.0,2745.0,623.0,0.475,0.074,0.703,12.5,6.9,1.6,13.0,0.052,-3.4,-4.3
331,1995,7,TOR,Damon Stoudamire,Arizona,13.0,878.0,11763.0,3039.0,5371.0,0.406,0.357,0.833,13.4,3.5,6.1,55.4,0.091,0.3,16.8
332,1995,8,POR,Shawn Respert,Michigan State,4.0,172.0,851.0,226.0,177.0,0.414,0.34,0.816,4.9,1.3,1.0,2.1,0.043,-2.3,-0.2
333,1995,9,NJN,Ed O'Bannon,UCLA,2.0,128.0,634.0,316.0,102.0,0.367,0.222,0.755,5.0,2.5,0.8,1.1,0.025,-3.5,-0.7
334,1995,10,MIA,Kurt Thomas,TCU,18.0,1110.0,8973.0,7328.0,1204.0,0.486,0.281,0.76,8.1,6.6,1.1,64.2,0.114,-0.8,8.6
335,1995,11,MIL,Gary Trent,Ohio University,9.0,506.0,4366.0,2276.0,504.0,0.501,0.08,0.643,8.6,4.5,1.0,23.2,0.113,-1.0,2.4
336,1995,12,DAL,Cherokee Parks,Duke,9.0,472.0,2056.0,1703.0,265.0,0.47,0.211,0.63,4.4,3.6,0.6,11.8,0.076,-2.4,-0.7
337,1995,13,SAC,Corliss Williamson,Arkansas,12.0,822.0,9147.0,3183.0,972.0,0.49,0.136,0.714,11.1,3.9,1.2,34.7,0.089,-2.0,-0.1
338,1995,14,BOS,Eric Williams,Providence,12.0,658.0,5642.0,2139.0,936.0,0.415,0.318,0.736,8.6,3.3,1.4,23.2,0.071,-2.4,-1.5
339,1995,15,DEN,Brent Barry,Oregon State,14.0,912.0,8488.0,2780.0,2892.0,0.46,0.405,0.823,9.3,3.0,3.2,70.5,0.143,2.6,27.7
383,1996,1,PHI,Allen Iverson,Georgetown,14.0,914.0,24368.0,3394.0,5624.0,0.425,0.313,0.78,26.7,3.7,6.2,99.0,0.126,3.2,49.6
384,1996,2,TOR,Marcus Camby,UMass,17.0,973.0,9262.0,9513.0,1837.0,0.466,0.205,0.67,9.5,9.8,1.9,81.6,0.137,2.3,31.3
385,1996,3,VAN,Shareef Abdur-Rahim,California,12.0,830.0,15028.0,6239.0,2109.0,0.472,0.297,0.81,18.1,7.5,2.5,71.2,0.118,1.0,21.9
386,1996,4,MIL,Stephon Marbury,Georgia Tech,13.0,846.0,16297.0,2516.0,6471.0,0.433,0.325,0.784,19.3,3.0,7.6,77.5,0.117,1.8,30.7
387,1996,5,MIN,Ray Allen,UConn,18.0,1300.0,24505.0,5272.0,4361.0,0.452,0.4,0.894,18.9,4.1,3.4,145.1,0.15,2.9,57.6
388,1996,6,BOS,Antoine Walker,Kentucky,12.0,893.0,15647.0,6891.0,3170.0,0.414,0.325,0.633,17.5,7.7,3.5,38.1,0.058,0.3,18.0
389,1996,7,LAC,Lorenzen Wright,Memphis,13.0,778.0,6191.0,4943.0,622.0,0.459,0.069,0.645,8.0,6.4,0.8,30.5,0.079,-2.6,-3.0
390,1996,8,NJN,Kerry Kittles,Villanova,8.0,507.0,7165.0,1983.0,1295.0,0.439,0.378,0.78,14.1,3.9,2.6,44.8,0.127,2.2,18.0
391,1996,9,DAL,Samaki Walker,Louisville,10.0,445.0,2376.0,2089.0,252.0,0.462,0.111,0.63,5.3,4.7,0.6,14.2,0.089,-2.6,-1.1
392,1996,10,IND,Erick Dampier,Mississippi State,16.0,987.0,7309.0,7005.0,817.0,0.498,0.125,0.626,7.4,7.1,0.8,52.7,0.105,-1.3,4.1
393,1996,11,GSW,Todd Fuller,NC State,5.0,225.0,835.0,674.0,46.0,0.422,0.0,0.668,3.7,3.0,0.2,2.2,0.041,-5.7,-2.3
394,1996,12,CLE,Vitaly Potapenko,Wright State University,11.0,610.0,3995.0,2725.0,418.0,0.479,0.167,0.694,6.5,4.5,0.7,15.5,0.064,-4.0,-5.9
395,1996,13,CHH,Kobe Bryant,,20.0,1346.0,33643.0,7047.0,6306.0,0.447,0.329,0.837,25.0,5.2,4.7,172.7,0.17,4.6,80.1
396,1996,14,SAC,Peja Stojaković,,13.0,804.0,13647.0,3782.0,1408.0,0.45,0.401,0.895,17.0,4.7,1.8,82.6,0.147,1.9,26.2
397,1996,15,PHO,Steve Nash,Santa Clara,18.0,1217.0,17387.0,3642.0,10335.0,0.49,0.428,0.904,14.3,3.0,8.5,129.7,0.164,3.0,48.2
441,1997,1,SAS,Tim Duncan,Wake Forest,19.0,1392.0,26496.0,15091.0,4225.0,0.506,0.179,0.696,19.0,10.8,3.0,206.4,0.209,5.6,91.1
442,1997,2,PHI,Keith Van Horn,Utah,9.0,575.0,9206.0,3909.0,900.0,0.443,0.361,0.835,16.0,6.8,1.6,41.7,0.11,0.1,9.6
443,1997,3,BOS,Chauncey Billups,Colorado,17.0,1043.0,15802.0,2992.0,5636.0,0.415,0.387,0.894,15.2,2.9,5.4,120.8,0.176,3.2,43.5
444,1997,4,VAN,Antonio Daniels,Bowling Green,13.0,872.0,6623.0,1613.0,2934.0,0.444,0.311,0.793,7.6,1.8,3.4,47.0,0.115,0.0,10.1
445,1997,5,DEN,Tony Battie,Texas Tech,14.0,837.0,5082.0,4287.0,522.0,0.488,0.162,0.69,6.1,5.1,0.6,36.4,0.099,-1.8,0.8
446,1997,6,BOS,Ron Mercer,Kentucky,8.0,432.0,5892.0,1342.0,921.0,0.429,0.25,0.808,13.6,3.1,2.1,9.4,0.034,-2.7,-2.5
447,1997,7,NJN,Tim Thomas,Villanova,13.0,824.0,9454.0,3379.0,1272.0,0.437,0.369,0.758,11.5,4.1,1.5,35.2,0.079,-0.8,6.4
448,1997,8,GSW,Adonal Foyle,Colgate,12.0,733.0,2989.0,3461.0,344.0,0.477,0.0,0.499,4.1,4.7,0.5,18.7,0.069,-1.7,1.1
449,1997,9,TOR,Tracy McGrady,,15.0,938.0,18381.0,5276.0,4161.0,0.435,0.338,0.746,19.6,5.6,4.4,97.3,0.152,5.2,55.7
450,1997,10,MIL,Danny Fortson,Cincinnati,10.0,440.0,3615.0,3184.0,301.0,0.472,0.167,0.785,8.2,7.2,0.7,22.3,0.121,-3.2,-2.6
451,1997,11,SAC,Tariq Abdul-Wahad,San Jose State,6.0,236.0,1830.0,776.0,266.0,0.417,0.237,0.703,7.8,3.3,1.1,3.5,0.035,-3.0,-1.2
452,1997,12,IND,Austin Croshere,Providence,12.0,659.0,4475.0,2649.0,627.0,0.407,0.34,0.861,6.8,4.0,1.0,27.6,0.115,-0.1,5.6
453,1997,13,CLE,Derek Anderson,Kentucky,11.0,615.0,7357.0,1988.0,2083.0,0.408,0.341,0.853,12.0,3.2,3.4,43.9,0.117,1.0,13.5
454,1997,14,LAC,Maurice Taylor,Michigan,9.0,534.0,5889.0,2452.0,623.0,0.466,0.152,0.711,11.0,4.6,1.2,9.9,0.036,-3.6,-5.3
455,1997,15,DAL,Kelvin Cato,Iowa State,10.0,541.0,2960.0,2874.0,244.0,0.507,0.077,0.644,5.5,5.3,0.5,28.6,0.129,-0.3,4.4
498,1998,1,LAC,Michael Olowokandi,University of the Pacific,9.0,500.0,4135.0,3414.0,327.0,0.435,,0.597,8.3,6.8,0.7,2.5,0.009,-4.6,-8.5
499,1998,2,VAN,Mike Bibby,Arizona,14.0,1001.0,14698.0,3103.0,5517.0,0.436,0.379,0.802,14.7,3.1,5.5,73.2,0.104,0.8,23.8
500,1998,3,DEN,Raef LaFrentz,Kansas,10.0,563.0,5690.0,3423.0,606.0,0.466,0.363,0.711,10.1,6.1,1.1,39.4,0.13,0.7,9.8
501,1998,4,TOR,Antawn Jamison,UNC,16.0,1083.0,20042.0,8157.0,1761.0,0.451,0.346,0.724,18.5,7.5,1.6,87.8,0.112,0.6,24.5
502,1998,5,GSW,Vince Carter,UNC,22.0,1541.0,25728.0,6606.0,4714.0,0.435,0.371,0.798,16.7,4.3,3.1,125.3,0.13,3.0,57.9
503,1998,6,DAL,Robert Traylor,Michigan,7.0,438.0,2085.0,1640.0,312.0,0.474,0.167,0.577,4.8,3.7,0.7,13.3,0.102,-1.6,0.7
504,1998,7,SAC,Jason Williams,Florida,12.0,788.0,8266.0,1810.0,4611.0,0.398,0.327,0.813,10.5,2.3,5.9,38.5,0.08,0.2,12.9
505,1998,8,PHI,Larry Hughes,Saint Louis,13.0,727.0,10242.0,3039.0,2290.0,0.406,0.309,0.757,14.1,4.2,3.1,32.3,0.069,-0.1,10.7
506,1998,9,MIL,Dirk Nowitzki,,21.0,1522.0,31560.0,11489.0,3651.0,0.471,0.38,0.879,20.7,7.5,2.4,206.3,0.193,4.5,84.8
507,1998,10,BOS,Paul Pierce,Kansas,19.0,1343.0,26397.0,7527.0,4708.0,0.445,0.368,0.806,19.7,5.6,3.5,150.0,0.157,3.7,65.5
508,1998,11,DET,Bonzi Wells,Ball State University,10.0,591.0,7147.0,2737.0,1249.0,0.46,0.327,0.697,12.1,4.6,2.1,29.4,0.093,0.2,8.3
509,1998,12,ORL,Michael Doleac,Utah,10.0,587.0,2882.0,1955.0,343.0,0.439,0.125,0.791,4.9,3.3,0.6,12.7,0.07,-3.7,-3.7
510,1998,13,ORL,Keon Clark,UNLV,6.0,353.0,2882.0,2096.0,322.0,0.5,0.053,0.645,8.2,5.9,0.9,18.2,0.11,-0.7,2.6
511,1998,14,HOU,Michael Dickerson,Arizona,5.0,212.0,3257.0,609.0,553.0,0.432,0.402,0.784,15.4,2.9,2.6,9.6,0.061,-1.3,1.3
512,1998,15,ORL,Matt Harpring,Georgia Tech,11.0,665.0,7645.0,3366.0,907.0,0.481,0.333,0.753,11.5,5.1,1.4,41.9,0.114,-0.6,6.2
556,1999,1,CHI,Elton Brand,Duke,17.0,1058.0,16827.0,9040.0,2184.0,0.5,0.095,0.736,15.9,8.5,2.1,109.6,0.151,2.2,37.3
557,1999,2,VAN,Steve Francis,Maryland,9.0,576.0,10446.0,3215.0,3473.0,0.429,0.341,0.797,18.1,5.6,6.0,54.1,0.12,2.2,22.7
558,1999,3,CHH,Baron Davis,UCLA,13.0,835.0,13447.0,3183.0,6025.0,0.409,0.32,0.711,16.1,3.8,7.2,63.1,0.106,2.6,33.1
559,1999,4,LAC,Lamar Odom,Rhode Island,14.0,961.0,12781.0,8059.0,3554.0,0.463,0.312,0.693,13.3,8.4,3.7,77.0,0.115,1.9,31.4
560,1999,5,TOR,Jonathan Bender,,8.0,262.0,1453.0,582.0,170.0,0.417,0.34,0.763,5.5,2.2,0.6,3.8,0.047,-2.6,-0.6
561,1999,6,MIN,Wally Szczerbiak,Miami University,10.0,651.0,9195.0,2602.0,1532.0,0.485,0.406,0.86,14.1,4.0,2.4,53.3,0.127,0.7,13.6
562,1999,7,WAS,Richard Hamilton,UConn,14.0,921.0,15708.0,2852.0,3125.0,0.449,0.346,0.852,17.1,3.1,3.4,62.8,0.102,-0.2,13.2
563,1999,8,CLE,Andre Miller,Utah,17.0,1304.0,16278.0,4795.0,8524.0,0.461,0.217,0.807,12.5,3.7,6.5,100.8,0.12,1.3,33.4
564,1999,9,PHO,Shawn Marion,UNLV,16.0,1163.0,17700.0,10101.0,2198.0,0.484,0.331,0.81,15.2,8.7,1.9,124.9,0.15,2.7,47.6
565,1999,10,ATL,Jason Terry,Arizona,19.0,1410.0,18881.0,3274.0,5415.0,0.444,0.38,0.845,13.4,2.3,3.8,102.0,0.116,1.5,37.4
566,1999,11,CLE,Trajan Langdon,Duke,3.0,119.0,647.0,159.0,152.0,0.416,0.396,0.91,5.4,1.3,1.3,2.9,0.079,-1.1,0.4
567,1999,12,TOR,Aleksandar Radojević,Barton County Community College,2.0,15.0,26.0,36.0,7.0,0.308,,0.625,1.7,2.4,0.5,-0.4,-0.13,-11.6,-0.4
568,1999,13,SEA,Corey Maggette,Duke,14.0,827.0,13198.0,4022.0,1696.0,0.453,0.324,0.822,16.0,4.9,2.1,62.2,0.128,0.3,13.3
569,1999,14,MIN,William Avery,Duke,3.0,142.0,379.0,93.0,199.0,0.33,0.255,0.714,2.7,0.7,1.4,-0.9,-0.034,-5.6,-1.1
570,1999,15,NYK,Frédéric Weis,,,,,,,,,,,,,,,,
614,2000,1,NJN,Kenyon Martin,Cincinnati,15.0,757.0,9325.0,5159.0,1439.0,0.483,0.234,0.629,12.3,6.8,1.9,48.0,0.1,0.1,12.1
615,2000,2,VAN,Stromile Swift,LSU,9.0,547.0,4582.0,2535.0,275.0,0.473,0.074,0.699,8.4,4.6,0.5,21.3,0.095,-1.6,1.1
616,2000,3,LAC,Darius Miles,,7.0,446.0,4507.0,2190.0,840.0,0.472,0.168,0.59,10.1,4.9,1.9,9.5,0.039,-1.0,3.0
617,2000,4,CHI,Marcus Fizer,Iowa State,6.0,289.0,2782.0,1340.0,352.0,0.435,0.191,0.691,9.6,4.6,1.2,2.7,0.022,-3.7,-2.6
618,2000,5,ORL,Mike Miller,Florida,17.0,1032.0,10973.0,4376.0,2666.0,0.459,0.407,0.769,10.6,4.2,2.6,60.7,0.105,0.8,19.8
619,2000,6,ATL,DerMarr Johnson,Cincinnati,7.0,344.0,2121.0,769.0,304.0,0.411,0.336,0.789,6.2,2.2,0.9,6.4,0.052,-1.6,0.6
620,2000,7,CHI,Chris Mihm,Texas,8.0,436.0,3262.0,2302.0,223.0,0.459,0.231,0.704,7.5,5.3,0.5,13.3,0.073,-3.9,-4.3
621,2000,8,CLE,Jamal Crawford,Michigan,20.0,1327.0,19419.0,2948.0,4541.0,0.41,0.348,0.862,14.6,2.2,3.4,60.7,0.075,-0.1,18.4
622,2000,9,HOU,Joel Przybilla,Minnesota,13.0,592.0,2293.0,3665.0,256.0,0.552,0.0,0.557,3.9,6.2,0.4,23.0,0.094,-1.7,0.8
623,2000,10,ORL,Keyon Dooling,Missouri,13.0,728.0,5067.0,964.0,1601.0,0.416,0.349,0.799,7.0,1.3,2.2,18.5,0.063,-2.0,-0.2
624,2000,11,BOS,Jérôme Moïso,UCLA,5.0,145.0,386.0,395.0,38.0,0.489,0.0,0.593,2.7,2.7,0.3,2.1,0.074,-2.9,-0.3
625,2000,12,DAL,Etan Thomas,Syracuse,9.0,409.0,2341.0,1927.0,149.0,0.513,,0.603,5.7,4.7,0.4,14.9,0.101,-2.1,-0.2
626,2000,13,ORL,Courtney Alexander,Fresno State,3.0,187.0,1690.0,409.0,227.0,0.422,0.339,0.813,9.0,2.2,1.2,4.1,0.048,-3.7,-1.7
627,2000,14,DET,Mateen Cleaves,Michigan State,6.0,167.0,609.0,175.0,310.0,0.389,0.267,0.728,3.6,1.0,1.9,-0.8,-0.021,-5.6,-1.7
628,2000,15,MIL,Jason Collier,Georgia Tech,5.0,151.0,841.0,443.0,51.0,0.455,0.35,0.738,5.6,2.9,0.3,1.9,0.042,-5.4,-1.9
672,2001,1,WAS,Kwame Brown,,12.0,607.0,4035.0,3333.0,554.0,0.492,0.111,0.57,6.6,5.5,0.9,20.8,0.074,-2.4,-1.3
673,2001,2,LAC,Tyson Chandler,,19.0,1160.0,9509.0,10467.0,967.0,0.597,0.0,0.644,8.2,9.0,0.8,102.1,0.155,0.1,16.9
674,2001,3,ATL,Pau Gasol,,18.0,1226.0,20894.0,11305.0,3925.0,0.507,0.368,0.753,17.0,9.2,3.2,144.1,0.169,3.6,57.5
675,2001,4,CHI,Eddy Curry,,11.0,527.0,6820.0,2725.0,287.0,0.545,1.0,0.642,12.9,5.2,0.5,21.7,0.08,-2.4,-1.3
676,2001,5,GSW,Jason Richardson,Michigan State,13.0,857.0,14644.0,4245.0,2284.0,0.438,0.37,0.707,17.1,5.0,2.7,59.1,0.097,1.2,23.8
677,2001,6,MEM,Shane Battier,Duke,13.0,977.0,8408.0,4082.0,1717.0,0.437,0.384,0.743,8.6,4.2,1.8,75.7,0.121,1.7,28.2
678,2001,7,NJN,Eddie Griffin,Seton Hall,5.0,303.0,2171.0,1744.0,236.0,0.377,0.315,0.671,7.2,5.8,0.8,10.9,0.078,-0.4,2.8
679,2001,8,CLE,DeSagana Diop,,12.0,601.0,1185.0,2219.0,270.0,0.427,0.167,0.467,2.0,3.7,0.4,12.8,0.073,-1.9,0.2
680,2001,9,DET,Rodney White,UNC Charlotte,4.0,218.0,1540.0,485.0,237.0,0.424,0.314,0.749,7.1,2.2,1.1,1.8,0.026,-2.2,-0.1
681,2001,10,BOS,Joe Johnson,Arkansas,18.0,1277.0,20407.0,5059.0,5001.0,0.441,0.371,0.802,16.0,4.0,3.9,82.9,0.09,0.4,26.5
682,2001,11,BOS,Kedrick Brown,Okaloosa-Walton Community College,4.0,143.0,509.0,347.0,103.0,0.405,0.274,0.64,3.6,2.4,0.7,3.0,0.074,-1.1,0.4
683,2001,12,SEA,Vladimir Radmanović,,12.0,737.0,5879.0,2784.0,998.0,0.415,0.378,0.758,8.0,3.8,1.4,26.5,0.079,-0.1,7.6
684,2001,13,HOU,Richard Jefferson,Arizona,17.0,1181.0,14904.0,4720.0,2412.0,0.464,0.376,0.768,12.6,4.0,2.0,83.0,0.116,0.2,19.4
685,2001,14,GSW,Troy Murphy,Notre Dame,12.0,729.0,7860.0,5708.0,1088.0,0.445,0.388,0.785,10.8,7.8,1.5,50.3,0.121,0.1,10.6
686,2001,15,ORL,Steven Hunter,DePaul,8.0,400.0,1817.0,1264.0,79.0,0.56,0.0,0.485,4.5,3.2,0.2,10.6,0.085,-2.3,-0.5
729,2002,1,HOU,Yao Ming,,8.0,486.0,9247.0,4494.0,769.0,0.524,0.2,0.833,19.0,9.2,1.6,65.9,0.2,3.2,20.7
730,2002,2,CHI,Jay Williams,Duke,1.0,75.0,714.0,195.0,350.0,0.399,0.322,0.64,9.5,2.6,4.7,0.8,0.02,-2.0,0.0
731,2002,3,GSW,Mike Dunleavy,Duke,15.0,986.0,11048.0,4211.0,2185.0,0.441,0.377,0.803,11.2,4.3,2.2,58.5,0.103,0.3,15.7
732,2002,4,MEM,Drew Gooden,Kansas,14.0,790.0,8653.0,5618.0,896.0,0.462,0.257,0.76,11.0,7.1,1.1,43.9,0.105,-1.2,4.3
733,2002,5,DEN,Nikoloz Tskitishvili,,4.0,172.0,507.0,307.0,114.0,0.304,0.235,0.73,2.9,1.8,0.7,-1.6,-0.039,-6.1,-2.0
734,2002,6,CLE,Dajuan Wagner,Memphis,4.0,103.0,964.0,142.0,195.0,0.366,0.321,0.77,9.4,1.4,1.9,0.0,0.0,-4.9,-1.6
735,2002,7,NYK,Nenê,,17.0,965.0,10909.0,5828.0,1719.0,0.548,0.132,0.66,11.3,6.0,1.8,73.3,0.139,1.0,18.8
736,2002,8,LAC,Chris Wilcox,Maryland,11.0,628.0,5150.0,3076.0,455.0,0.541,0.0,0.643,8.2,4.9,0.7,26.9,0.103,-1.6,1.2
737,2002,9,PHO,Amar'e Stoudemire,,14.0,846.0,15994.0,6632.0,1050.0,0.537,0.236,0.761,18.9,7.8,1.2,92.5,0.169,1.3,21.9
738,2002,10,MIA,Caron Butler,UConn,14.0,881.0,12430.0,4387.0,2007.0,0.434,0.348,0.847,14.1,5.0,2.3,50.9,0.086,-0.2,12.6
739,2002,11,WAS,Jared Jeffries,Indiana,11.0,629.0,3003.0,2563.0,798.0,0.426,0.25,0.583,4.8,4.1,1.3,13.1,0.046,-2.4,-1.5
740,2002,12,LAC,Melvin Ely,Fresno State,9.0,375.0,1992.0,1215.0,261.0,0.46,0.0,0.625,5.3,3.2,0.7,4.0,0.032,-4.0,-3.1
741,2002,13,MIL,Marcus Haislip,Tennessee,4.0,89.0,311.0,131.0,16.0,0.437,0.35,0.659,3.5,1.5,0.2,0.5,0.026,-4.7,-0.6
742,2002,14,IND,Fred Jones,Oregon,7.0,430.0,3206.0,958.0,990.0,0.411,0.353,0.809,7.5,2.2,2.3,16.5,0.077,-1.0,2.6
743,2002,15,HOU,Boštjan Nachbar,,6.0,317.0,2252.0,836.0,283.0,0.406,0.375,0.784,7.1,2.6,0.9,8.7,0.074,-1.6,0.6
786,2003,1,CLE,LeBron James,,19.0,1366.0,37062.0,10210.0,10045.0,0.505,0.346,0.734,27.1,7.5,7.4,249.5,0.23,8.9,142.6
787,2003,2,DET,Darko Miličić,,10.0,468.0,2813.0,1971.0,405.0,0.46,0.0,0.574,6.0,4.2,0.9,7.1,0.04,-2.4,-0.9
788,2003,3,DEN,Carmelo Anthony,Syracuse,19.0,1260.0,28289.0,7808.0,3422.0,0.447,0.355,0.814,22.5,6.2,2.7,108.5,0.12,1.3,36.7
789,2003,4,TOR,Chris Bosh,Georgia Tech,13.0,893.0,17189.0,7592.0,1795.0,0.494,0.335,0.799,19.2,8.5,2.0,106.0,0.159,1.9,31.1
790,2003,5,MIA,Dwyane Wade,Marquette,16.0,1054.0,23165.0,4933.0,5701.0,0.48,0.293,0.765,22.0,4.7,5.4,120.7,0.162,5.0,62.8
791,2003,6,LAC,Chris Kaman,Central Michigan University,13.0,735.0,8208.0,5582.0,921.0,0.489,0.042,0.743,11.2,7.6,1.3,24.6,0.06,-1.9,0.4
792,2003,7,CHI,Kirk Hinrich,Kansas,13.0,879.0,9594.0,2576.0,4245.0,0.411,0.375,0.8,10.9,2.9,4.8,52.5,0.093,0.0,13.3
793,2003,8,MIL,T.J. Ford,Texas,8.0,429.0,4797.0,1331.0,2495.0,0.433,0.289,0.815,11.2,3.1,5.8,16.9,0.068,-0.4,4.6
794,2003,9,NYK,Mike Sweetney,Georgetown,4.0,233.0,1516.0,1045.0,145.0,0.485,0.0,0.689,6.5,4.5,0.6,7.8,0.103,-2.7,-0.6
795,2003,10,WAS,Jarvis Hayes,Georgia,7.0,427.0,3553.0,1330.0,459.0,0.415,0.356,0.798,8.3,3.1,1.1,10.2,0.049,-2.5,-1.3
796,2003,11,GSW,Mickaël Piétrus,,10.0,557.0,4629.0,1723.0,445.0,0.425,0.355,0.665,8.3,3.1,0.8,19.7,0.079,-0.9,3.2
797,2003,12,SEA,Nick Collison,Kansas,14.0,910.0,5359.0,4701.0,939.0,0.534,0.208,0.723,5.9,5.2,1.0,44.5,0.115,-1.3,3.1
798,2003,13,MEM,Marcus Banks,UNLV,8.0,348.0,2061.0,519.0,728.0,0.432,0.327,0.768,5.9,1.5,2.1,6.6,0.057,-2.0,-0.1
799,2003,14,SEA,Luke Ridnour,Oregon,12.0,830.0,7740.0,1877.0,3713.0,0.431,0.349,0.862,9.3,2.3,4.5,36.0,0.08,-0.6,7.5
800,2003,15,ORL,Reece Gaines,Louisville,3.0,71.0,123.0,53.0,50.0,0.324,0.269,0.606,1.7,0.7,0.7,-0.6,-0.049,-6.1,-0.6
844,2004,1,ORL,Dwight Howard,,18.0,1242.0,19485.0,14627.0,1676.0,0.587,0.214,0.567,15.7,11.8,1.3,141.7,0.172,1.9,39.0
845,2004,2,CHA,Emeka Okafor,UConn,10.0,616.0,7370.0,5967.0,520.0,0.512,0.0,0.586,12.0,9.7,0.8,45.3,0.114,-0.6,6.8
846,2004,3,CHI,Ben Gordon,UConn,11.0,744.0,11084.0,1851.0,1868.0,0.432,0.401,0.857,14.9,2.5,2.5,33.3,0.078,-0.3,8.7
847,2004,4,LAC,Shaun Livingston,,14.0,833.0,5231.0,1989.0,2483.0,0.486,0.178,0.794,6.3,2.4,3.0,29.9,0.084,-1.0,4.3
848,2004,5,WAS,Devin Harris,Wisconsin,15.0,985.0,10597.0,2151.0,3869.0,0.432,0.325,0.796,10.8,2.2,3.9,54.9,0.11,0.6,15.5
849,2004,6,ATL,Josh Childress,Stanford,8.0,391.0,3548.0,1850.0,609.0,0.522,0.329,0.779,9.1,4.7,1.6,25.7,0.118,0.8,7.4
850,2004,7,PHO,Luol Deng,Duke,15.0,902.0,13361.0,5468.0,2042.0,0.456,0.332,0.769,14.8,6.1,2.3,74.0,0.115,0.9,22.9
851,2004,8,TOR,Rafael Araújo,BYU,3.0,139.0,389.0,395.0,41.0,0.405,0.25,0.679,2.8,2.8,0.3,-0.4,-0.013,-7.2,-2.1
852,2004,9,PHI,Andre Iguodala,Arizona,18.0,1223.0,13951.0,6030.0,5128.0,0.463,0.33,0.709,11.4,4.9,4.2,100.3,0.122,2.2,41.3
853,2004,10,CLE,Luke Jackson,Oregon,4.0,73.0,252.0,89.0,58.0,0.357,0.36,0.732,3.5,1.2,0.8,0.2,0.01,-3.7,-0.3
854,2004,11,GSW,Andris Biedriņš,,10.0,516.0,3247.0,3631.0,467.0,0.594,0.0,0.5,6.3,7.0,0.9,30.7,0.132,-0.4,4.6
855,2004,12,SEA,Robert Swift,,4.0,97.0,416.0,376.0,20.0,0.506,,0.61,4.3,3.9,0.2,1.7,0.054,-3.8,-0.7
856,2004,13,POR,Sebastian Telfair,,10.0,564.0,4183.0,898.0,1960.0,0.39,0.319,0.777,7.4,1.6,3.5,5.0,0.02,-3.4,-4.2
857,2004,14,UTA,Kris Humphries,Minnesota,13.0,800.0,5350.0,4314.0,556.0,0.463,0.293,0.7,6.7,5.4,0.7,30.3,0.102,-1.7,1.2
858,2004,15,BOS,Al Jefferson,,14.0,915.0,14343.0,7690.0,1347.0,0.499,0.121,0.711,15.7,8.4,1.5,71.0,0.13,1.2,21.3
903,2005,1,MIL,Andrew Bogut,Utah,14.0,706.0,6808.0,6112.0,1546.0,0.535,0.12,0.557,9.6,8.7,2.2,50.6,0.122,1.2,16.0
904,2005,2,ATL,Marvin Williams,UNC,15.0,1072.0,10965.0,5546.0,1373.0,0.443,0.361,0.808,10.2,5.2,1.3,65.1,0.104,-0.4,12.3
905,2005,3,UTA,Deron Williams,Illinois,12.0,845.0,13804.0,2619.0,6819.0,0.445,0.357,0.822,16.3,3.1,8.1,77.3,0.129,1.9,28.3
906,2005,4,NOH,Chris Paul,Wake Forest,17.0,1155.0,20936.0,5206.0,10977.0,0.473,0.369,0.871,18.1,4.5,9.5,198.9,0.239,7.3,93.7
907,2005,5,CHA,Raymond Felton,UNC,14.0,971.0,10853.0,2867.0,5096.0,0.412,0.329,0.79,11.2,3.0,5.2,40.2,0.067,-0.6,10.1
908,2005,6,POR,Martell Webster,,10.0,580.0,5056.0,1811.0,588.0,0.418,0.382,0.791,8.7,3.1,1.0,24.7,0.085,-0.8,4.3
909,2005,7,TOR,Charlie Villanueva,UConn,11.0,656.0,6808.0,3019.0,549.0,0.435,0.341,0.772,10.4,4.6,0.8,22.6,0.08,-0.6,4.7
910,2005,8,NYK,Channing Frye,Arizona,13.0,890.0,7786.0,4002.0,864.0,0.44,0.388,0.822,8.7,4.5,1.0,38.9,0.094,-0.4,8.0
911,2005,9,GSW,Ike Diogu,Arizona State,6.0,225.0,1348.0,689.0,69.0,0.509,0.5,0.786,6.0,3.1,0.3,6.5,0.112,-3.0,-0.7
912,2005,10,LAL,Andrew Bynum,,8.0,418.0,4822.0,3221.0,490.0,0.556,0.111,0.69,11.5,7.7,1.2,37.4,0.168,1.4,9.1
913,2005,11,ORL,Fran Vázquez,,,,,,,,,,,,,,,,
914,2005,12,LAC,Yaroslav Korolev,,2.0,34.0,39.0,16.0,13.0,0.283,0.25,0.625,1.1,0.5,0.4,-0.1,-0.024,-5.2,-0.1
915,2005,13,CHA,Sean May,UNC,4.0,119.0,821.0,481.0,115.0,0.458,0.231,0.746,6.9,4.0,1.0,2.6,0.068,-1.7,0.2
916,2005,14,MIN,Rashad McCants,UNC,4.0,249.0,2479.0,506.0,331.0,0.431,0.368,0.741,10.0,2.0,1.3,3.6,0.035,-1.7,0.4
917,2005,15,NJN,Antoine Wright,Texas A&M,6.0,297.0,1614.0,681.0,295.0,0.412,0.304,0.674,5.4,2.3,1.0,3.1,0.026,-3.7,-2.4
963,2006,1,TOR,Andrea Bargnani,,10.0,550.0,7873.0,2541.0,653.0,0.439,0.354,0.824,14.3,4.6,1.2,18.9,0.057,-1.6,1.5
964,2006,2,CHI,LaMarcus Aldridge,Texas,16.0,1076.0,20558.0,8736.0,2076.0,0.493,0.32,0.813,19.1,8.1,1.9,115.7,0.153,1.7,33.4
965,2006,3,CHA,Adam Morrison,Gonzaga,3.0,161.0,1200.0,342.0,222.0,0.373,0.331,0.71,7.5,2.1,1.4,-1.4,-0.021,-5.0,-2.4
966,2006,4,POR,Tyrus Thomas,LSU,8.0,402.0,3093.0,1938.0,347.0,0.438,0.235,0.732,7.7,4.8,0.9,13.0,0.078,-1.2,1.7
967,2006,5,ATL,Shelden Williams,Duke,6.0,361.0,1618.0,1562.0,163.0,0.462,0.222,0.74,4.5,4.3,0.5,9.9,0.085,-3.0,-1.5
968,2006,6,MIN,Brandon Roy,Washington,6.0,326.0,6136.0,1388.0,1517.0,0.459,0.348,0.8,18.8,4.3,4.7,37.4,0.155,3.6,16.3
969,2006,7,BOS,Randy Foye,Villanova,11.0,752.0,7729.0,1686.0,2112.0,0.401,0.366,0.852,10.3,2.2,2.8,23.5,0.058,-1.2,3.8
970,2006,8,HOU,Rudy Gay,UConn,16.0,1064.0,17349.0,6120.0,2223.0,0.453,0.349,0.799,16.3,5.8,2.1,60.7,0.086,0.7,22.8
971,2006,9,GSW,Patrick O'Bryant,Bradley,4.0,90.0,186.0,127.0,25.0,0.494,0.0,0.583,2.1,1.4,0.3,0.5,0.046,-4.6,-0.3
972,2006,10,SEA,Mouhamed Sene,,3.0,47.0,103.0,75.0,1.0,0.427,,0.589,2.2,1.6,0.0,0.3,0.052,-5.1,-0.2
973,2006,11,ORL,J.J. Redick,Duke,15.0,940.0,12028.0,1903.0,1862.0,0.447,0.415,0.892,12.8,2.0,2.0,63.7,0.128,0.6,16.0
974,2006,12,NOK,Hilton Armstrong,UConn,6.0,292.0,880.0,766.0,102.0,0.501,0.286,0.582,3.0,2.6,0.3,3.9,0.055,-4.1,-1.8
975,2006,13,PHI,Thabo Sefolosha,,14.0,869.0,4994.0,3252.0,1196.0,0.449,0.349,0.732,5.7,3.7,1.4,39.3,0.099,0.6,12.4
976,2006,14,UTA,Ronnie Brewer,Arkansas,8.0,502.0,3940.0,1427.0,828.0,0.49,0.254,0.675,7.8,2.8,1.6,30.4,0.127,1.6,10.6
977,2006,15,NOK,Cedric Simmons,NC State,3.0,75.0,163.0,141.0,14.0,0.409,,0.39,2.2,1.9,0.2,0.1,0.005,-5.0,-0.5
1023,2007,1,POR,Greg Oden,Ohio State,3.0,105.0,840.0,656.0,51.0,0.574,,0.658,8.0,6.2,0.5,7.3,0.174,-0.4,0.8
1024,2007,2,SEA,Kevin Durant,Texas,14.0,939.0,25526.0,6646.0,4032.0,0.496,0.384,0.884,27.2,7.1,4.3,155.2,0.216,6.8,76.4
1025,2007,3,ATL,Al Horford,Florida,15.0,950.0,12989.0,7771.0,3144.0,0.515,0.36,0.759,13.7,8.2,3.3,100.3,0.157,2.9,37.9
1026,2007,4,MEM,Mike Conley,Ohio State,15.0,958.0,14221.0,2872.0,5407.0,0.439,0.382,0.82,14.8,3.0,5.6,86.8,0.136,2.5,34.8
1027,2007,5,BOS,Jeff Green,Georgetown,14.0,1051.0,13295.0,4502.0,1625.0,0.448,0.339,0.806,12.6,4.3,1.5,50.3,0.079,-1.4,4.8
1028,2007,6,MIL,Yi Jianlian,,5.0,272.0,2148.0,1339.0,192.0,0.404,0.333,0.78,7.9,4.9,0.7,3.1,0.025,-4.3,-3.5
1029,2007,7,MIN,Corey Brewer,Florida,13.0,819.0,7097.0,2287.0,1250.0,0.425,0.284,0.713,8.7,2.8,1.5,22.5,0.058,-1.6,2.0
1030,2007,8,CHA,Brandan Wright,UNC,10.0,428.0,2976.0,1560.0,199.0,0.607,0.0,0.674,7.0,3.6,0.5,26.2,0.181,2.3,7.5
1031,2007,9,CHI,Joakim Noah,Florida,13.0,672.0,5881.0,6058.0,1907.0,0.491,0.0,0.7,8.8,9.0,2.8,61.9,0.159,2.5,20.9
1032,2007,10,SAC,Spencer Hawes,Washington,10.0,684.0,5932.0,3893.0,1271.0,0.457,0.35,0.716,8.7,5.7,1.9,22.6,0.07,-1.1,3.4
1033,2007,11,ATL,Acie Law,Texas A&M,4.0,188.0,725.0,195.0,309.0,0.413,0.235,0.778,3.9,1.0,1.6,1.6,0.032,-3.9,-1.1
1034,2007,12,PHI,Thaddeus Young,Georgia Tech,15.0,1085.0,13848.0,6345.0,2003.0,0.502,0.332,0.663,12.8,5.8,1.8,68.9,0.104,0.5,20.0
1035,2007,13,NOK,Julian Wright,Kansas,4.0,231.0,907.0,531.0,182.0,0.499,0.262,0.584,3.9,2.3,0.8,3.9,0.061,-0.5,1.2
1036,2007,14,LAC,Al Thornton,Florida State,4.0,296.0,3527.0,1233.0,353.0,0.452,0.293,0.747,11.9,4.2,1.2,6.1,0.035,-3.5,-3.2
1037,2007,15,DET,Rodney Stuckey,Eastern Washington,10.0,651.0,8185.0,1912.0,2333.0,0.423,0.3,0.824,12.6,2.9,3.6,28.7,0.077,-0.9,4.9
1083,2008,1,CHI,Derrick Rose,Memphis,13.0,672.0,12230.0,2239.0,3646.0,0.457,0.316,0.83,18.2,3.3,5.4,44.2,0.1,1.4,18.5
1084,2008,2,MIA,Michael Beasley,Kansas State,11.0,609.0,7568.0,2861.0,788.0,0.465,0.349,0.759,12.4,4.7,1.3,15.6,0.054,-1.7,0.9
1085,2008,3,MIN,O.J. Mayo,USC,8.0,547.0,7574.0,1706.0,1607.0,0.429,0.373,0.82,13.8,3.1,2.9,21.8,0.062,-0.9,4.7
1086,2008,4,SEA,Russell Westbrook,UCLA,14.0,1021.0,23298.0,7541.0,8611.0,0.438,0.305,0.783,22.8,7.4,8.4,106.5,0.144,4.3,55.8
1087,2008,5,MEM,Kevin Love,UCLA,14.0,812.0,14305.0,8666.0,1920.0,0.441,0.373,0.829,17.6,10.7,2.4,88.6,0.17,3.4,34.0
1088,2008,6,NYK,Danilo Gallinari,,13.0,728.0,11327.0,3510.0,1414.0,0.428,0.382,0.877,15.6,4.8,1.9,64.1,0.141,1.8,20.8
1089,2008,7,LAC,Eric Gordon,Indiana,14.0,749.0,12263.0,1811.0,2121.0,0.428,0.371,0.81,16.4,2.4,2.8,36.3,0.072,-0.6,8.7
1090,2008,8,MIL,Joe Alexander,West Virginia,2.0,67.0,282.0,120.0,44.0,0.41,0.34,0.698,4.2,1.8,0.7,0.5,0.03,-3.6,-0.3
1091,2008,9,CHA,D.J. Augustin,Texas,14.0,976.0,9259.0,1805.0,3761.0,0.412,0.381,0.867,9.5,1.8,3.9,47.7,0.1,-0.7,7.6
1092,2008,10,NJN,Brook Lopez,Stanford,14.0,868.0,14247.0,5407.0,1246.0,0.494,0.341,0.796,16.4,6.2,1.4,71.5,0.131,1.3,21.7
1093,2008,11,IND,Jerryd Bayless,Arizona,11.0,586.0,4909.0,1235.0,1674.0,0.411,0.361,0.818,8.4,2.1,2.9,18.6,0.072,-1.6,1.1
1094,2008,12,SAC,Jason Thompson,Rider University,8.0,588.0,5210.0,3880.0,635.0,0.496,0.143,0.657,8.9,6.6,1.1,23.8,0.077,-2.6,-2.4
1095,2008,13,POR,Brandon Rush,Kansas,9.0,481.0,3250.0,1413.0,468.0,0.426,0.402,0.706,6.8,2.9,1.0,11.2,0.051,-1.4,1.6
1096,2008,14,GSW,Anthony Randolph,LSU,6.0,252.0,1789.0,1078.0,187.0,0.453,0.241,0.74,7.1,4.3,0.7,5.8,0.072,-1.6,0.4
1097,2008,15,PHO,Robin Lopez,Stanford,14.0,939.0,8196.0,4604.0,796.0,0.536,0.294,0.742,8.7,4.9,0.8,49.0,0.114,-1.1,4.7
1143,2009,1,LAC,Blake Griffin,Oklahoma,12.0,724.0,14343.0,5954.0,2994.0,0.493,0.327,0.696,19.8,8.2,4.1,79.3,0.16,3.4,32.5
1144,2009,2,MEM,Hasheem Thabeet,UConn,5.0,224.0,483.0,595.0,27.0,0.567,,0.578,2.2,2.7,0.1,4.8,0.099,-2.7,-0.4
1145,2009,3,OKC,James Harden,Arizona State,13.0,942.0,23477.0,5294.0,6397.0,0.442,0.361,0.86,24.9,5.6,6.8,149.6,0.22,6.8,72.0
1146,2009,4,SAC,Tyreke Evans,Memphis,10.0,594.0,9347.0,2720.0,2852.0,0.44,0.323,0.757,15.7,4.6,4.8,28.4,0.075,0.8,13.1
1147,2009,5,MIN,Ricky Rubio,,11.0,665.0,7399.0,2760.0,5045.0,0.389,0.326,0.843,11.1,4.2,7.6,41.6,0.099,0.6,13.4
1148,2009,6,MIN,Jonny Flynn,Syracuse,3.0,163.0,1504.0,307.0,634.0,0.4,0.338,0.809,9.2,1.9,3.9,-1.1,-0.015,-4.0,-1.9
1149,2009,7,GSW,Stephen Curry,Davidson,13.0,826.0,20064.0,3838.0,5388.0,0.473,0.428,0.908,24.3,4.6,6.5,120.2,0.203,6.5,60.9
1150,2009,8,NYK,Jordan Hill,Arizona,8.0,409.0,3232.0,2389.0,322.0,0.497,0.136,0.699,7.9,5.8,0.8,16.4,0.102,-2.0,0.0
1151,2009,9,TOR,DeMar DeRozan,USC,13.0,957.0,19869.0,4227.0,3729.0,0.465,0.288,0.837,20.8,4.4,3.9,83.7,0.123,0.7,22.6
1152,2009,10,MIL,Brandon Jennings,,9.0,555.0,7801.0,1659.0,3151.0,0.387,0.345,0.796,14.1,3.0,5.7,29.9,0.085,0.8,11.8
1153,2009,11,NJN,Terrence Williams,Louisville,4.0,153.0,1085.0,545.0,364.0,0.412,0.317,0.659,7.1,3.6,2.4,-0.2,-0.004,-2.8,-0.6
1154,2009,12,CHA,Gerald Henderson,Duke,8.0,535.0,5987.0,1716.0,1009.0,0.44,0.327,0.793,11.2,3.2,1.9,18.3,0.063,-1.8,0.6
1155,2009,13,IND,Tyler Hansbrough,UNC,7.0,428.0,2881.0,1808.0,181.0,0.439,0.136,0.738,6.7,4.2,0.4,20.2,0.134,-2.0,0.0
1156,2009,14,PHO,Earl Clark,Louisville,6.0,261.0,1138.0,778.0,134.0,0.403,0.328,0.664,4.4,3.0,0.5,2.9,0.038,-2.8,-0.8
1157,2009,15,DET,Austin Daye,Gonzaga,6.0,293.0,1522.0,764.0,212.0,0.402,0.351,0.778,5.2,2.6,0.7,4.5,0.053,-2.0,0.0
1203,2010,1,WAS,John Wall,Kentucky,10.0,613.0,11702.0,2612.0,5557.0,0.431,0.323,0.779,19.1,4.3,9.1,44.1,0.097,2.4,24.0
1204,2010,2,PHI,Evan Turner,Ohio State,10.0,705.0,6824.0,3278.0,2462.0,0.434,0.294,0.782,9.7,4.6,3.5,20.2,0.051,-1.9,0.5
1205,2010,3,NJN,Derrick Favors,Georgia Tech,12.0,790.0,8354.0,5608.0,851.0,0.534,0.198,0.663,10.6,7.1,1.1,60.2,0.15,0.9,14.0
1206,2010,4,MIN,Wesley Johnson,Syracuse,9.0,609.0,4235.0,1924.0,645.0,0.404,0.337,0.741,7.0,3.2,1.1,10.7,0.038,-1.6,1.2
1207,2010,5,SAC,DeMarcus Cousins,Kentucky,11.0,654.0,12802.0,6664.0,1979.0,0.46,0.331,0.737,19.6,10.2,3.0,46.8,0.115,2.4,21.6
1208,2010,6,GSW,Ekpe Udoh,Baylor,7.0,384.0,1353.0,1100.0,260.0,0.453,0.0,0.718,3.5,2.9,0.7,10.4,0.088,-1.4,0.8
1209,2010,7,DET,Greg Monroe,Georgetown,10.0,646.0,8402.0,5293.0,1376.0,0.514,0.059,0.703,13.0,8.2,2.1,50.4,0.137,1.4,15.3
1210,2010,8,LAC,Al-Farouq Aminu,Wake Forest,11.0,711.0,5350.0,4280.0,879.0,0.42,0.332,0.746,7.5,6.0,1.2,27.6,0.075,-0.6,6.5
1211,2010,9,UTA,Gordon Hayward,Butler,12.0,734.0,11454.0,3302.0,2576.0,0.453,0.371,0.826,15.6,4.5,3.5,60.1,0.126,2.0,22.8
1212,2010,10,IND,Paul George,Fresno State,12.0,737.0,15029.0,4735.0,2641.0,0.435,0.382,0.848,20.4,6.4,3.6,76.6,0.149,4.1,38.0
1213,2010,11,NOH,Cole Aldrich,Kansas,8.0,339.0,1050.0,1131.0,183.0,0.527,,0.738,3.1,3.3,0.5,9.6,0.135,0.1,1.8
1214,2010,12,MEM,Xavier Henry,Kansas,5.0,185.0,1050.0,351.0,120.0,0.406,0.325,0.635,5.7,1.9,0.6,0.8,0.013,-4.4,-1.7
1215,2010,13,TOR,Ed Davis,UNC,12.0,722.0,4291.0,4616.0,539.0,0.567,0.0,0.583,5.9,6.4,0.7,43.3,0.151,-0.2,6.2
1216,2010,14,HOU,Patrick Patterson,Kentucky,11.0,719.0,4782.0,2799.0,736.0,0.447,0.369,0.755,6.7,3.9,1.0,31.9,0.102,0.0,7.4
1217,2010,15,MIL,Larry Sanders,VCU,6.0,238.0,1520.0,1345.0,174.0,0.48,0.0,0.553,6.4,5.7,0.7,10.3,0.107,-1.1,1.1
1263,2011,1,CLE,Kyrie Irving,Duke,11.0,611.0,14089.0,2339.0,3503.0,0.47,0.393,0.882,23.1,3.8,5.7,72.0,0.166,4.5,34.2
1264,2011,2,MIN,Derrick Williams,Arizona,7.0,428.0,3809.0,1693.0,293.0,0.434,0.3,0.71,8.9,4.0,0.7,14.1,0.076,-1.6,0.8
1265,2011,3,UTA,Enes Freedom,,11.0,748.0,8349.0,5822.0,638.0,0.548,0.289,0.777,11.2,7.8,0.9,52.8,0.157,-0.1,7.6
1266,2011,4,CLE,Tristan Thompson,Texas,11.0,730.0,6592.0,6120.0,725.0,0.519,0.263,0.605,9.0,8.4,1.0,47.6,0.117,-1.7,1.4
1267,2011,5,TOR,Jonas Valančiūnas,,10.0,695.0,9319.0,6571.0,824.0,0.563,0.359,0.785,13.4,9.5,1.2,67.4,0.178,1.1,14.3
1268,2011,6,WAS,Jan Veselý,,3.0,162.0,590.0,562.0,96.0,0.521,0.0,0.408,3.6,3.5,0.6,4.0,0.078,-2.6,-0.4
1269,2011,7,SAC,Bismack Biyombo,,11.0,738.0,3814.0,4482.0,442.0,0.53,0.0,0.564,5.2,6.1,0.6,29.4,0.096,-2.6,-2.2
1270,2011,8,DET,Brandon Knight,Kentucky,9.0,451.0,6301.0,1385.0,1777.0,0.411,0.352,0.807,14.0,3.1,3.9,11.6,0.042,-1.6,1.4
1271,2011,9,CHA,Kemba Walker,UConn,11.0,741.0,14414.0,2815.0,3919.0,0.418,0.36,0.84,19.5,3.8,5.3,59.6,0.116,2.8,29.8
1272,2011,10,MIL,Jimmer Fredette,BYU,6.0,241.0,1438.0,243.0,331.0,0.409,0.372,0.879,6.0,1.0,1.4,2.2,0.033,-2.5,-0.4
1273,2011,11,GSW,Klay Thompson,Washington State,9.0,647.0,12647.0,2255.0,1504.0,0.458,0.417,0.849,19.5,3.5,2.3,48.5,0.11,0.8,14.9
1274,2011,12,UTA,Alec Burks,Colorado,11.0,625.0,6649.0,2210.0,1264.0,0.418,0.38,0.799,10.6,3.5,2.0,26.0,0.087,-0.5,5.3
1275,2011,13,PHO,Markieff Morris,Kansas,11.0,715.0,7822.0,3714.0,1153.0,0.446,0.341,0.777,10.9,5.2,1.6,27.1,0.073,-1.4,2.8
1276,2011,14,HOU,Marcus Morris,Kansas,11.0,718.0,8921.0,3298.0,1085.0,0.435,0.377,0.773,12.4,4.6,1.5,36.4,0.09,-0.5,7.1
1277,2011,15,IND,Kawhi Leonard,San Diego State,10.0,576.0,11085.0,3689.0,1672.0,0.493,0.384,0.858,19.2,6.4,2.9,83.3,0.222,6.9,40.4
1323,2012,1,NOH,Anthony Davis,Kentucky,10.0,604.0,14390.0,6163.0,1414.0,0.515,0.303,0.794,23.8,10.2,2.3,91.3,0.211,6.0,42.1
1324,2012,2,CHA,Michael Kidd-Gilchrist,Kentucky,8.0,446.0,3750.0,2420.0,515.0,0.474,0.272,0.715,8.4,5.4,1.2,21.0,0.092,-1.8,0.6
1325,2012,3,WAS,Bradley Beal,Florida,10.0,645.0,14231.0,2641.0,2701.0,0.456,0.372,0.821,22.1,4.1,4.2,48.8,0.104,1.7,21.0
1326,2012,4,CLE,Dion Waiters,Syracuse,8.0,419.0,5505.0,1108.0,1163.0,0.412,0.346,0.694,13.1,2.6,2.8,8.8,0.036,-2.1,-0.4
1327,2012,5,SAC,Thomas Robinson,Kansas,5.0,313.0,1528.0,1507.0,190.0,0.47,0.0,0.505,4.9,4.8,0.6,4.6,0.053,-3.5,-1.6
1328,2012,6,POR,Damian Lillard,Weber State,10.0,711.0,17510.0,2976.0,4726.0,0.437,0.373,0.893,24.6,4.2,6.6,94.1,0.175,4.7,43.7
1329,2012,7,GSW,Harrison Barnes,UNC,10.0,747.0,10566.0,3817.0,1376.0,0.453,0.379,0.804,14.1,5.1,1.8,44.8,0.091,-0.8,7.1
1330,2012,8,TOR,Terrence Ross,Washington,10.0,670.0,7525.0,1907.0,841.0,0.417,0.361,0.839,11.2,2.8,1.3,23.4,0.068,-0.9,4.5
1331,2012,9,DET,Andre Drummond,UConn,10.0,718.0,9938.0,9519.0,1003.0,0.54,0.132,0.473,13.8,13.3,1.4,67.7,0.153,1.3,17.7
1332,2012,10,NOH,Austin Rivers,Duke,10.0,655.0,5741.0,1359.0,1438.0,0.418,0.349,0.649,8.8,2.1,2.2,13.9,0.042,-3.1,-4.2
1333,2012,11,POR,Meyers Leonard,Illinois,9.0,447.0,2502.0,1737.0,395.0,0.482,0.39,0.809,5.6,3.9,0.9,15.5,0.104,-1.4,1.1
1334,2012,12,HOU,Jeremy Lamb,UConn,10.0,573.0,5805.0,2073.0,904.0,0.439,0.342,0.857,10.1,3.6,1.6,26.8,0.108,0.6,7.9
1335,2012,13,PHO,Kendall Marshall,UNC,4.0,160.0,802.0,253.0,779.0,0.399,0.37,0.611,5.0,1.6,4.9,1.0,0.015,-3.5,-1.1
1336,2012,14,MIL,John Henson,UNC,8.0,445.0,3383.0,2368.0,496.0,0.54,0.25,0.568,7.6,5.3,1.1,20.7,0.113,-0.5,3.4
1337,2012,15,PHI,Maurice Harkless,St. John's,10.0,621.0,4259.0,2198.0,572.0,0.474,0.32,0.624,6.9,3.5,0.9,23.0,0.079,-0.8,4.1
1383,2013,1,CLE,Anthony Bennett,UNLV,4.0,151.0,658.0,472.0,77.0,0.392,0.261,0.67,4.4,3.1,0.5,0.5,0.013,-4.8,-1.3
1384,2013,2,ORL,Victor Oladipo,Indiana,9.0,462.0,8054.0,2117.0,1824.0,0.438,0.348,0.79,17.4,4.6,3.9,25.1,0.08,0.9,11.0
1385,2013,3,WAS,Otto Porter Jr.,Georgetown,9.0,504.0,5336.0,2551.0,767.0,0.477,0.398,0.794,10.6,5.1,1.5,36.0,0.132,1.8,12.5
1386,2013,4,CHA,Cody Zeller,Indiana,9.0,494.0,4202.0,2949.0,691.0,0.52,0.221,0.731,8.5,6.0,1.4,32.1,0.14,-0.6,4.0
1387,2013,5,PHO,Alex Len,Maryland,9.0,570.0,4371.0,3341.0,489.0,0.507,0.329,0.683,7.7,5.9,0.9,21.6,0.096,-1.9,0.2
1388,2013,6,NOH,Nerlens Noel,Kentucky,8.0,450.0,3303.0,2789.0,491.0,0.549,0.154,0.655,7.3,6.2,1.1,28.3,0.134,0.9,7.5
1389,2013,7,SAC,Ben McLemore,Kansas,9.0,556.0,5015.0,1269.0,563.0,0.414,0.363,0.78,9.0,2.3,1.0,9.0,0.035,-3.1,-3.4
1390,2013,8,DET,Kentavious Caldwell-Pope,Georgia,9.0,683.0,7911.0,2148.0,1150.0,0.421,0.36,0.813,11.6,3.1,1.7,34.6,0.083,-0.8,6.0
1391,2013,9,MIN,Trey Burke,Michigan,9.0,498.0,4792.0,878.0,1522.0,0.41,0.345,0.81,9.6,1.8,3.1,12.9,0.06,-1.3,1.7
1392,2013,10,POR,CJ McCollum,Lehigh,9.0,590.0,11341.0,2041.0,2044.0,0.455,0.396,0.81,19.2,3.5,3.5,40.3,0.104,1.3,15.7
1393,2013,11,PHI,Michael Carter-Williams,Syracuse,8.0,391.0,4023.0,1713.0,1701.0,0.402,0.255,0.706,10.3,4.4,4.4,6.6,0.032,-1.2,1.9
1394,2013,12,OKC,Steven Adams,Pitt,9.0,664.0,6157.0,5303.0,982.0,0.587,0.071,0.547,9.3,8.0,1.5,56.0,0.151,0.5,11.3
1395,2013,13,DAL,Kelly Olynyk,Gonzaga,9.0,610.0,6146.0,3087.0,1248.0,0.476,0.365,0.782,10.1,5.1,2.0,35.3,0.126,0.9,9.8
1396,2013,14,UTA,Shabazz Muhammad,UCLA,5.0,278.0,2504.0,770.0,151.0,0.473,0.319,0.751,9.0,2.8,0.5,8.5,0.085,-2.0,0.0
1397,2013,15,MIL,Giannis Antetokounmpo,,9.0,656.0,14321.0,6149.0,3020.0,0.535,0.288,0.718,21.8,9.4,4.6,87.5,0.197,6.0,43.3
1443,2014,1,CLE,Andrew Wiggins,Kansas,8.0,598.0,11519.0,2649.0,1393.0,0.448,0.35,0.723,19.3,4.4,2.3,24.0,0.055,-1.5,2.6
1444,2014,2,MIL,Jabari Parker,Duke,8.0,310.0,4380.0,1703.0,610.0,0.494,0.326,0.743,14.1,5.5,2.0,13.8,0.078,-0.8,2.5
1445,2014,3,PHI,Joel Embiid,Kansas,6.0,328.0,8535.0,3732.0,1080.0,0.49,0.338,0.81,26.0,11.4,3.3,43.7,0.205,5.9,20.4
1446,2014,4,ORL,Aaron Gordon,Arizona,8.0,528.0,6887.0,3310.0,1313.0,0.46,0.323,0.702,13.0,6.3,2.5,28.8,0.09,-0.1,7.3
1447,2014,5,UTA,Dante Exum,,6.0,245.0,1389.0,441.0,515.0,0.407,0.305,0.764,5.7,1.8,2.1,3.1,0.032,-3.3,-1.5
1448,2014,6,BOS,Marcus Smart,Oklahoma State,8.0,520.0,5438.0,1867.0,2318.0,0.382,0.321,0.78,10.5,3.6,4.5,29.5,0.092,-0.2,7.2
1449,2014,7,LAL,Julius Randle,Kentucky,8.0,518.0,9191.0,4814.0,1842.0,0.472,0.332,0.743,17.7,9.3,3.6,31.4,0.093,0.4,9.7
1450,2014,8,SAC,Nik Stauskas,Michigan,6.0,343.0,2290.0,691.0,515.0,0.389,0.354,0.812,6.7,2.0,1.5,3.9,0.028,-3.0,-1.7
1451,2014,9,CHH,Noah Vonleh,Indiana,7.0,339.0,1660.0,1742.0,257.0,0.459,0.308,0.691,4.9,5.1,0.8,9.2,0.078,-2.4,-0.6
1452,2014,10,PHI,Elfrid Payton,Louisiana,8.0,500.0,5036.0,2007.0,2868.0,0.447,0.287,0.623,10.1,4.0,5.7,15.8,0.057,-0.9,3.7
1453,2014,11,DEN,Doug McDermott,Creighton,8.0,527.0,4846.0,1236.0,496.0,0.476,0.409,0.82,9.2,2.3,0.9,19.2,0.084,-1.9,0.4
1454,2014,12,ORL,Dario Šarić,,5.0,356.0,4180.0,2086.0,699.0,0.441,0.357,0.838,11.7,5.9,2.0,16.4,0.088,-0.8,2.6
1455,2014,13,MIN,Zach LaVine,UCLA,8.0,478.0,9466.0,1876.0,1860.0,0.461,0.386,0.83,19.8,3.9,3.9,23.7,0.075,0.5,9.5
1456,2014,14,PHO,T.J. Warren,NC State,7.0,332.0,5142.0,1372.0,397.0,0.507,0.357,0.78,15.5,4.1,1.2,19.6,0.099,-0.2,4.2
1457,2014,15,ATL,Adreian Payne,Michigan State,4.0,107.0,429.0,315.0,66.0,0.406,0.254,0.68,4.0,2.9,0.6,-0.6,-0.019,-5.9,-1.4
1503,2015,1,MIN,Karl-Anthony Towns,Kentucky,7.0,482.0,11170.0,5465.0,1486.0,0.527,0.397,0.833,23.2,11.3,3.1,66.1,0.193,4.8,28.3
1504,2015,2,LAL,D'Angelo Russell,Ohio State,7.0,424.0,7504.0,1503.0,2370.0,0.42,0.356,0.781,17.7,3.5,5.6,14.4,0.055,0.5,8.0
1505,2015,3,PHI,Jahlil Okafor,Duke,6.0,247.0,2566.0,1169.0,225.0,0.542,0.222,0.676,10.4,4.7,0.9,7.2,0.071,-2.0,0.0
1506,2015,4,NYK,Kristaps Porziņģis,,6.0,337.0,6371.0,2649.0,537.0,0.444,0.353,0.82,18.9,7.9,1.6,27.1,0.125,1.7,9.6
1507,2015,5,ORL,Mario Hezonja,,5.0,330.0,2284.0,1026.0,415.0,0.417,0.319,0.812,6.9,3.1,1.3,3.2,0.025,-2.8,-1.2
1508,2015,6,SAC,Willie Cauley-Stein,Kentucky,7.0,422.0,3675.0,2470.0,598.0,0.544,0.188,0.612,8.7,5.9,1.4,23.3,0.121,-0.1,4.4
1509,2015,7,DEN,Emmanuel Mudiay,,6.0,302.0,3299.0,884.0,1143.0,0.401,0.323,0.744,10.9,2.9,3.8,-0.2,-0.001,-3.2,-2.2
1510,2015,8,DET,Stanley Johnson,Arizona,7.0,419.0,2632.0,1309.0,612.0,0.384,0.3,0.754,6.3,3.1,1.5,6.2,0.035,-2.8,-1.7
1511,2015,9,CHO,Frank Kaminsky,Wisconsin,7.0,377.0,3541.0,1527.0,619.0,0.429,0.348,0.743,9.4,4.1,1.6,15.2,0.092,-0.3,3.4
1512,2015,10,MIA,Justise Winslow,Duke,7.0,315.0,2633.0,1615.0,791.0,0.413,0.315,0.634,8.4,5.1,2.5,7.8,0.046,-2.1,-0.2
1513,2015,11,IND,Myles Turner,Texas,7.0,431.0,5485.0,2879.0,513.0,0.489,0.349,0.768,12.7,6.7,1.2,32.8,0.127,0.6,8.2
1514,2015,12,UTA,Trey Lyles,Kentucky,7.0,449.0,3503.0,1953.0,477.0,0.441,0.338,0.737,7.8,4.3,1.1,14.5,0.085,-1.0,2.0
1515,2015,13,PHO,Devin Booker,Kentucky,7.0,477.0,11217.0,1865.0,2228.0,0.457,0.357,0.87,23.5,3.9,4.7,29.9,0.089,0.5,10.2
1516,2015,14,OKC,Cameron Payne,Murray State,7.0,279.0,2132.0,624.0,905.0,0.421,0.362,0.83,7.6,2.2,3.2,8.2,0.079,-0.4,2.0
1517,2015,15,ATL,Kelly Oubre Jr.,Kansas,7.0,479.0,5769.0,2074.0,484.0,0.434,0.331,0.749,12.0,4.3,1.0,17.6,0.07,-1.8,0.5
1563,2016,1,PHI,Ben Simmons,LSU,4.0,275.0,4382.0,2217.0,2127.0,0.56,0.147,0.597,15.9,8.1,7.7,30.4,0.156,3.7,13.5
1564,2016,2,LAL,Brandon Ingram,Duke,6.0,368.0,6812.0,1896.0,1412.0,0.461,0.36,0.769,18.5,5.2,3.8,18.7,0.074,-0.3,5.2
1565,2016,3,BOS,Jaylen Brown,California,6.0,403.0,6644.0,1994.0,822.0,0.473,0.373,0.712,16.5,4.9,2.0,24.5,0.102,0.1,6.1
1566,2016,4,PHO,Dragan Bender,,4.0,187.0,1014.0,720.0,237.0,0.399,0.323,0.654,5.4,3.9,1.3,0.5,0.006,-3.9,-1.9
1567,2016,5,MIN,Kris Dunn,Providence,6.0,245.0,1995.0,815.0,1029.0,0.42,0.299,0.739,8.1,3.3,4.2,3.9,0.031,-2.1,-0.2
1568,2016,6,NOP,Buddy Hield,Oklahoma,6.0,468.0,7463.0,2003.0,1180.0,0.43,0.398,0.865,15.9,4.3,2.5,17.1,0.06,0.1,7.3
1569,2016,7,DEN,Jamal Murray,Kentucky,5.0,345.0,5639.0,1258.0,1322.0,0.446,0.367,0.878,16.3,3.6,3.8,20.8,0.096,0.3,6.0
1570,2016,8,SAC,Marquese Chriss,Washington,6.0,292.0,2206.0,1366.0,298.0,0.456,0.29,0.667,7.6,4.7,1.0,6.5,0.058,-2.4,-0.5
1571,2016,9,TOR,Jakob Poeltl,Utah,6.0,416.0,3035.0,2524.0,601.0,0.628,0.667,0.518,7.3,6.1,1.4,28.9,0.165,1.0,6.4
1572,2016,10,MIL,Thon Maker,,5.0,263.0,1216.0,726.0,161.0,0.435,0.327,0.68,4.6,2.8,0.6,6.6,0.087,-2.1,-0.1
1573,2016,11,ORL,Domantas Sabonis,Gonzaga,6.0,415.0,5961.0,3815.0,1493.0,0.534,0.319,0.728,14.4,9.2,3.6,34.6,0.141,1.7,11.1
1574,2016,12,UTA,Taurean Prince,Baylor,6.0,370.0,3899.0,1442.0,647.0,0.416,0.371,0.815,10.5,3.9,1.7,8.3,0.045,-1.8,0.5
1575,2016,13,PHO,Georgios Papagiannis,,2.0,39.0,160.0,123.0,29.0,0.514,0.0,0.857,4.1,3.2,0.7,0.4,0.044,-3.9,-0.2
1576,2016,14,CHI,Denzel Valentine,Michigan State,5.0,256.0,1795.0,857.0,466.0,0.394,0.36,0.787,7.0,3.3,1.8,4.5,0.044,-1.9,0.2
1577,2016,15,DEN,Juancho Hernangómez,,6.0,297.0,1589.0,1008.0,191.0,0.428,0.351,0.681,5.4,3.4,0.6,8.1,0.083,-1.8,0.3
1623,2017,1,PHI,Markelle Fultz,Washington,5.0,131.0,1423.0,425.0,623.0,0.45,0.262,0.708,10.9,3.2,4.8,3.5,0.052,-2.0,0.0
1624,2017,2,LAL,Lonzo Ball,UCLA,5.0,252.0,2995.0,1447.0,1563.0,0.4,0.364,0.578,11.9,5.7,6.2,11.4,0.067,1.0,6.3
1625,2017,3,BOS,Jayson Tatum,Duke,5.0,365.0,7640.0,2420.0,1106.0,0.456,0.383,0.844,20.9,6.6,3.0,35.1,0.138,2.8,14.8
1626,2017,4,PHO,Josh Jackson,Kansas,5.0,291.0,3276.0,1159.0,534.0,0.416,0.292,0.68,11.3,4.0,1.8,-1.7,-0.012,-3.8,-3.1
1627,2017,5,SAC,De'Aaron Fox,Kentucky,5.0,322.0,6148.0,1138.0,2005.0,0.462,0.32,0.725,19.1,3.5,6.2,15.7,0.073,0.1,5.4
1628,2017,6,ORL,Jonathan Isaac,Florida State,3.0,136.0,1269.0,741.0,146.0,0.435,0.33,0.797,9.3,5.4,1.1,6.7,0.091,0.2,2.0
1629,2017,7,MIN,Lauri Markkanen,Arizona,5.0,282.0,4339.0,1904.0,354.0,0.441,0.364,0.85,15.4,6.8,1.3,16.6,0.095,-0.1,4.0
1630,2017,8,NYK,Frank Ntilikina,,5.0,269.0,1395.0,495.0,631.0,0.371,0.331,0.775,5.2,1.8,2.3,0.6,0.006,-4.1,-2.5
1631,2017,9,DAL,Dennis Smith Jr.,NC State,5.0,216.0,2317.0,636.0,917.0,0.402,0.312,0.652,10.7,2.9,4.2,-0.6,-0.005,-2.3,-0.4
1632,2017,10,SAC,Zach Collins,Gonzaga,4.0,182.0,1099.0,767.0,200.0,0.452,0.327,0.743,6.0,4.2,1.1,5.1,0.077,-2.2,-0.2
1633,2017,11,CHO,Malik Monk,Kentucky,5.0,309.0,3176.0,717.0,627.0,0.424,0.355,0.83,10.3,2.3,2.0,5.6,0.043,-1.9,0.1
1634,2017,12,DET,Luke Kennard,Duke,5.0,297.0,2966.0,847.0,603.0,0.449,0.425,0.869,10.0,2.9,2.0,14.2,0.098,-0.3,3.0
1635,2017,13,DEN,Donovan Mitchell,Louisville,5.0,345.0,8234.0,1433.0,1542.0,0.441,0.361,0.833,23.9,4.2,4.5,29.0,0.12,2.4,13.1
1636,2017,14,MIA,Bam Adebayo,Kentucky,5.0,343.0,4617.0,2850.0,1189.0,0.558,0.14,0.741,13.5,8.3,3.5,35.4,0.176,3.0,12.1
1637,2017,15,POR,Justin Jackson,UNC,5.0,255.0,1656.0,637.0,276.0,0.426,0.321,0.799,6.5,2.5,1.1,5.3,0.053,-2.8,-1.0
1683,2018,1,PHO,Deandre Ayton,Arizona,4.0,236.0,3843.0,2485.0,380.0,0.599,0.25,0.754,16.3,10.5,1.6,24.6,0.163,1.1,5.7
1684,2018,2,SAC,Marvin Bagley III,Duke,4.0,166.0,2256.0,1224.0,151.0,0.501,0.291,0.663,13.6,7.4,0.9,7.3,0.085,-2.1,-0.1
1685,2018,3,ATL,Luka Dončić,,4.0,264.0,6962.0,2256.0,2102.0,0.457,0.337,0.737,26.4,8.5,8.0,29.0,0.156,6.8,19.8
1686,2018,4,MEM,Jaren Jackson Jr.,Michigan State,4.0,204.0,3218.0,1050.0,240.0,0.453,0.351,0.791,15.8,5.1,1.2,12.8,0.112,0.0,2.8
1687,2018,5,DAL,Trae Young,Oklahoma,4.0,280.0,7076.0,1085.0,2544.0,0.44,0.355,0.873,25.3,3.9,9.1,26.3,0.134,3.0,11.9
1688,2018,6,ORL,Mo Bamba,Texas,4.0,226.0,1747.0,1372.0,201.0,0.475,0.352,0.685,7.7,6.1,0.9,10.4,0.119,0.2,2.3
1689,2018,7,CHI,Wendell Carter Jr.,Duke,4.0,203.0,2476.0,1803.0,404.0,0.513,0.298,0.731,12.2,8.9,2.0,13.6,0.116,-0.7,1.9
1690,2018,8,CLE,Collin Sexton,Alabama,4.0,218.0,4356.0,663.0,720.0,0.458,0.378,0.827,20.0,3.0,3.3,5.4,0.036,-2.5,-0.9
1691,2018,9,NYK,Kevin Knox,Kentucky,4.0,212.0,1638.0,624.0,172.0,0.369,0.34,0.705,7.7,2.9,0.8,-0.3,-0.004,-4.7,-2.7
1692,2018,10,PHI,Mikal Bridges,Villanova,4.0,309.0,3483.0,1212.0,639.0,0.509,0.374,0.831,11.3,3.9,2.1,24.6,0.122,1.1,7.5
1693,2018,11,CHO,Shai Gilgeous-Alexander,Kentucky,4.0,243.0,4421.0,1088.0,1040.0,0.473,0.348,0.807,18.2,4.5,4.3,17.6,0.109,1.9,7.5
1694,2018,12,LAC,Miles Bridges,Michigan State,4.0,291.0,3893.0,1641.0,656.0,0.473,0.346,0.809,13.4,5.6,2.3,16.0,0.091,-0.2,3.8
1695,2018,13,LAC,Jerome Robinson,Boston College,3.0,113.0,514.0,208.0,131.0,0.363,0.31,0.721,4.5,1.8,1.2,-0.1,-0.003,-4.7,-1.1
1696,2018,14,DEN,Michael Porter Jr.,Missouri,3.0,125.0,1763.0,763.0,133.0,0.518,0.419,0.795,14.1,6.1,1.1,9.6,0.15,2.1,3.1
1697,2018,15,WAS,Troy Brown Jr.,Oregon,4.0,221.0,1408.0,836.0,353.0,0.429,0.337,0.755,6.4,3.8,1.6,4.9,0.058,-2.0,0.0
1743,2019,1,NOP,Zion Williamson,Duke,2.0,85.0,2187.0,591.0,276.0,0.604,0.333,0.683,25.7,7.0,3.2,10.6,0.189,4.9,4.7
1744,2019,2,MEM,Ja Morant,Murray State,3.0,187.0,3961.0,836.0,1337.0,0.474,0.327,0.754,21.2,4.5,7.1,13.7,0.109,1.9,5.9
1745,2019,3,NYK,RJ Barrett,Duke,3.0,198.0,3469.0,1101.0,568.0,0.418,0.357,0.697,17.5,5.6,2.9,5.9,0.042,-2.2,-0.3
1746,2019,4,LAL,De'Andre Hunter,Virginia,3.0,139.0,1831.0,572.0,224.0,0.434,0.359,0.785,13.2,4.1,1.6,2.9,0.033,-3.5,-1.6
1747,2019,5,CLE,Darius Garland,Vanderbilt,3.0,181.0,3142.0,464.0,1141.0,0.443,0.378,0.876,17.4,2.6,6.3,6.2,0.05,-1.2,1.1
1748,2019,6,PHO,Jarrett Culver,Texas Tech,3.0,134.0,890.0,364.0,167.0,0.401,0.283,0.497,6.6,2.7,1.2,-0.1,-0.002,-4.6,-1.5
1749,2019,7,CHI,Coby White,UNC,3.0,195.0,2672.0,696.0,679.0,0.413,0.365,0.851,13.7,3.6,3.5,5.6,0.049,-2.5,-0.6
1750,2019,8,ATL,Jaxson Hayes,Texas,3.0,194.0,1575.0,831.0,134.0,0.634,0.36,0.723,8.1,4.3,0.7,12.5,0.174,0.2,1.9
1751,2019,9,WAS,Rui Hachimura,Gonzaga,3.0,147.0,1913.0,766.0,217.0,0.477,0.36,0.779,13.0,5.2,1.5,5.3,0.061,-2.8,-0.8
1752,2019,10,ATL,Cam Reddish,Duke,3.0,133.0,1399.0,425.0,170.0,0.387,0.325,0.841,10.5,3.2,1.3,1.0,0.015,-3.1,-0.9
1753,2019,11,MIN,Cameron Johnson,UNC,3.0,183.0,1899.0,659.0,254.0,0.44,0.39,0.843,10.4,3.6,1.4,10.9,0.118,1.1,3.5
1754,2019,12,CHO,P.J. Washington,Kentucky,3.0,187.0,2202.0,1071.0,431.0,0.454,0.375,0.702,11.8,5.7,2.3,8.0,0.07,-0.9,1.6
1755,2019,13,MIA,Tyler Herro,Kentucky,3.0,175.0,2925.0,821.0,568.0,0.44,0.385,0.851,16.7,4.7,3.2,7.0,0.064,-0.6,1.9
1756,2019,14,BOS,Romeo Langford,Indiana,3.0,98.0,353.0,184.0,47.0,0.4,0.3,0.633,3.6,1.9,0.5,1.5,0.052,-2.9,-0.3
1757,2019,15,DET,Sekou Doumbouya,,3.0,96.0,542.0,267.0,66.0,0.388,0.256,0.693,5.6,2.8,0.7,-0.4,-0.013,-6.5,-1.8
1803,2020,1,MIN,Anthony Edwards,Georgia,2.0,144.0,2925.0,679.0,486.0,0.429,0.344,0.781,20.3,4.7,3.4,5.1,0.051,-0.4,1.9
1804,2020,2,GSW,James Wiseman,Memphis,1.0,39.0,448.0,226.0,26.0,0.519,0.316,0.628,11.5,5.8,0.7,0.7,0.042,-5.0,-0.6
1805,2020,3,CHO,LaMelo Ball,,2.0,126.0,2311.0,803.0,884.0,0.431,0.378,0.826,18.3,6.4,7.0,8.7,0.107,2.8,4.7
1806,2020,4,CHI,Patrick Williams,Florida State,2.0,88.0,808.0,396.0,114.0,0.49,0.413,0.729,9.2,4.5,1.3,3.3,0.067,-2.3,-0.2
1807,2020,5,CLE,Isaac Okoro,Auburn,2.0,134.0,1234.0,407.0,249.0,0.446,0.315,0.747,9.2,3.0,1.9,5.1,0.059,-3.5,-1.6
1808,2020,6,ATL,Onyeka Okongwu,USC,2.0,98.0,620.0,446.0,71.0,0.672,0.0,0.695,6.3,4.6,0.7,6.1,0.184,0.0,0.8
1809,2020,7,DET,Killian Hayes,,2.0,92.0,629.0,279.0,415.0,0.374,0.268,0.78,6.8,3.0,4.5,-0.6,-0.013,-4.6,-1.5
1810,2020,8,NYK,Obi Toppin,Dayton,2.0,134.0,901.0,406.0,106.0,0.521,0.307,0.753,6.7,3.0,0.8,5.5,0.137,1.0,1.5
1811,2020,9,WAS,Deni Avdija,,2.0,136.0,1027.0,687.0,230.0,0.426,0.316,0.729,7.6,5.1,1.7,3.6,0.054,-2.3,-0.2
1812,2020,10,PHO,Jalen Smith,Maryland,2.0,78.0,523.0,344.0,28.0,0.495,0.317,0.761,6.7,4.4,0.4,2.9,0.127,-1.3,0.2
1813,2020,11,SAS,Devin Vassell,Florida State,2.0,133.0,1213.0,480.0,192.0,0.421,0.357,0.84,9.1,3.6,1.4,4.8,0.077,-0.9,0.8
1814,2020,12,SAC,Tyrese Haliburton,Iowa State,2.0,135.0,1934.0,484.0,937.0,0.473,0.412,0.846,14.3,3.6,6.9,10.5,0.114,2.1,4.6
1815,2020,13,NOP,Kira Lewis Jr.,Alabama,2.0,78.0,484.0,110.0,173.0,0.391,0.298,0.841,6.2,1.4,2.2,0.7,0.028,-3.6,-0.5
1816,2020,14,BOS,Aaron Nesmith,Vanderbilt,2.0,98.0,414.0,216.0,45.0,0.417,0.318,0.796,4.2,2.2,0.5,1.5,0.058,-3.7,-0.5
1817,2020,15,ORL,Cole Anthony,UNC,2.0,112.0,1667.0,569.0,561.0,0.393,0.337,0.846,14.9,5.1,5.0,1.6,0.023,-2.0,0.0
1863,2021,1,DET,Cade Cunningham,Oklahoma State,1.0,64.0,1114.0,354.0,356.0,0.416,0.314,0.845,17.4,5.5,5.6,-0.5,-0.011,-1.6,0.2
1864,2021,2,HOU,Jalen Green,,1.0,67.0,1157.0,226.0,176.0,0.426,0.343,0.797,17.3,3.4,2.6,0.7,0.015,-2.9,-0.5
1865,2021,3,CLE,Evan Mobley,USC,1.0,69.0,1034.0,570.0,174.0,0.508,0.25,0.663,15.0,8.3,2.5,5.2,0.107,0.6,1.5
1866,2021,4,TOR,Scottie Barnes,Florida State,1.0,74.0,1134.0,557.0,256.0,0.492,0.301,0.735,15.3,7.5,3.5,6.6,0.122,0.9,1.9
1867,2021,5,ORL,Jalen Suggs,Gonzaga,1.0,48.0,564.0,171.0,209.0,0.361,0.214,0.773,11.8,3.6,4.4,-1.6,-0.06,-5.6,-1.2
1868,2021,6,OKC,Josh Giddey,,1.0,54.0,674.0,421.0,345.0,0.419,0.263,0.709,12.5,7.8,6.4,0.4,0.01,-1.0,0.4
1869,2021,7,GSW,Jonathan Kuminga,,1.0,70.0,652.0,234.0,64.0,0.513,0.336,0.684,9.3,3.3,0.9,3.0,0.123,-1.5,0.1
1870,2021,8,ORL,Franz Wagner,Michigan,1.0,79.0,1197.0,356.0,231.0,0.468,0.354,0.863,15.2,4.5,2.9,4.0,0.079,-0.7,0.8
1871,2021,9,SAC,Davion Mitchell,Baylor,1.0,75.0,861.0,166.0,313.0,0.418,0.316,0.659,11.5,2.2,4.2,0.1,0.003,-3.8,-0.9
1872,2021,10,NOP,Ziaire Williams,Stanford,1.0,62.0,501.0,129.0,65.0,0.45,0.314,0.782,8.1,2.1,1.0,2.2,0.08,-3.0,-0.3
1873,2021,11,CHO,James Bouknight,UConn,1.0,31.0,142.0,52.0,26.0,0.348,0.347,0.871,4.6,1.7,0.8,0.0,0.001,-7.1,-0.4
1874,2021,12,SAS,Joshua Primo,Alabama,1.0,50.0,288.0,113.0,81.0,0.374,0.307,0.746,5.8,2.3,1.6,0.0,0.001,-5.0,-0.7
1875,2021,13,IND,Chris Duarte,Oregon,1.0,55.0,720.0,226.0,114.0,0.432,0.369,0.804,13.1,4.1,2.1,0.9,0.029,-2.3,-0.1
1876,2021,14,GSW,Moses Moody,Arkansas,1.0,52.0,228.0,80.0,23.0,0.437,0.364,0.778,4.4,1.5,0.4,1.3,0.101,-2.5,-0.1
1877,2021,15,WAS,Corey Kispert,Gonzaga,1.0,77.0,634.0,209.0,85.0,0.455,0.35,0.871,8.2,2.7,1.1,2.3,0.061,-2.3,-0.1
